상점명,카테고리,전화번호,도로명주소,지번주소,거리(km),설명,웹사이트,지도URL
가챠팝,쇼핑 유통>장난감,,서울특별시 용산구 청파로47길 62 1층 102호,서울특별시 용산구 청파동2가 66-27 1층 102호,2.7,,https://www.instagram.com/gachapop__,https://map.naver.com/v5/search/%EA%B0%80%EC%B1%A0%ED%8C%9D/place/1269671440?c=126.967144,37.5449417,15,0,0,0,dh
가챠팝,쇼핑 유통>장난감,,서울특별시 용산구 청파로47길 62 1층 102호,서울특별시 용산구 청파동2가 66-27 1층 102호,2.7,,https://www.instagram.com/gachapop__,https://map.naver.com/v5/search/%EA%B0%80%EC%B1%A0%ED%8C%9D/place/1269671440?c=126.967144,37.5449417,15,0,0,0,dh
가챠팝,쇼핑 유통>장난감,,서울특별시 용산구 청파로47길 62 1층 102호,서울특별시 용산구 청파동2가 66-27 1층 102호,2.7,,https://www.instagram.com/gachapop__,https://map.naver.com/v5/search/%EA%B0%80%EC%B1%A0%ED%8C%9D/place/1269671440?c=126.967144,37.5449417,15,0,0,0,dh
가챠팝,쇼핑 유통>장난감,,서울특별시 용산구 청파로47길 62 1층 102호,서울특별시 용산구 청파동2가 66-27 1층 102호,2.7,,https://www.instagram.com/gachapop__,https://map.naver.com/v5/search/%EA%B0%80%EC%B1%A0%ED%8C%9D/place/1269671440?c=126.967144,37.5449417,15,0,0,0,dh
가챠팝,쇼핑 유통>장난감,,서울특별시 용산구 청파로47길 62 1층 102호,서울특별시 용산구 청파동2가 66-27 1층 102호,2.7,,https://www.instagram.com/gachapop__,https://map.naver.com/v5/search/%EA%B0%80%EC%B1%A0%ED%8C%9D/place/1269671440?c=126.967144,37.5449417,15,0,0,0,dh
가챠팝,쇼핑 유통>장난감,,서울특별시 용산구 청파로47길 62 1층 102호,서울특별시 용산구 청파동2가 66-27 1층 102호,2.7,,https://www.instagram.com/gachapop__,https://map.naver.com/v5/search/%EA%B0%80%EC%B1%A0%ED%8C%9D/place/1269671440?c=126.967144,37.5449417,15,0,0,0,dh
가챠팝,쇼핑 유통>장난감,,서울특별시 용산구 청파로47길 62 1층 102호,서울특별시 용산구 청파동2가 66-27 1층 102호,2.7,,https://www.instagram.com/gachapop__,https://map.naver.com/v5/search/%EA%B0%80%EC%B1%A0%ED%8C%9D/place/1269671440?c=126.967144,37.5449417,15,0,0,0,dh
가챠팝,쇼핑 유통>장난감,,서울특별시 용산구 청파로47길 62 1층 102호,서울특별시 용산구 청파동2가 66-27 1층 102호,2.7,,https://www.instagram.com/gachapop__,https://map.naver.com/v5/search/%EA%B0%80%EC%B1%A0%ED%8C%9D/place/1269671440?c=126.967144,37.5449417,15,0,0,0,dh
가챠팝,쇼핑 유통>장난감,,서울특별시 용산구 청파로47길 62 1층 102호,서울특별시 용산구 청파동2가 66-27 1층 102호,2.7,,https://www.instagram.com/gachapop__,https://map.naver.com/v5/search/%EA%B0%80%EC%B1%A0%ED%8C%9D/place/1269671440?c=126.967144,37.5449417,15,0,0,0,dh
가챠팝,쇼핑 유통>장난감,,서울특별시 용산구 청파로47길 62 1층 102호,서울특별시 용산구 청파동2가 66-27 1층 102호,2.7,,https://www.instagram.com/gachapop__,https://map.naver.com/v5/search/%EA%B0%80%EC%B1%A0%ED%8C%9D/place/1269671440?c=126.967144,37.5449417,15,0,0,0,dh
가챠팝,쇼핑 유통>장난감,,서울특별시 용산구 청파로47길 62 1층 102호,서울특별시 용산구 청파동2가 66-27 1층 102호,2.7,,https://www.instagram.com/gachapop__,https://map.naver.com/v5/search/%EA%B0%80%EC%B1%A0%ED%8C%9D/place/1269671440?c=126.967144,37.5449417,15,0,0,0,dh
가챠팝,쇼핑 유통>장난감,,서울특별시 용산구 청파로47길 62 1층 102호,서울특별시 용산구 청파동2가 66-27 1층 102호,2.7,,https://www.instagram.com/gachapop__,https://map.naver.com/v5/search/%EA%B0%80%EC%B1%A0%ED%8C%9D/place/1269671440?c=126.967144,37.5449417,15,0,0,0,dh
가챠팝,쇼핑 유통>장난감,,서울특별시 용산구 청파로47길 62 1층 102호,서울특별시 용산구 청파동2가 66-27 1층 102호,2.7,,https://www.instagram.com/gachapop__,https://map.naver.com/v5/search/%EA%B0%80%EC%B1%A0%ED%8C%9D/place/1269671440?c=126.967144,37.5449417,15,0,0,0,dh
가챠팝,쇼핑 유통>장난감,,서울특별시 용산구 청파로47길 62 1층 102호,서울특별시 용산구 청파동2가 66-27 1층 102호,2.7,,https://www.instagram.com/gachapop__,https://map.naver.com/v5/search/%EA%B0%80%EC%B1%A0%ED%8C%9D/place/1269671440?c=126.967144,37.5449417,15,0,0,0,dh
가챠팝,쇼핑 유통>장난감,,서울특별시 용산구 청파로47길 62 1층 102호,서울특별시 용산구 청파동2가 66-27 1층 102호,2.7,,https://www.instagram.com/gachapop__,https://map.naver.com/v5/search/%EA%B0%80%EC%B1%A0%ED%8C%9D/place/1269671440?c=126.967144,37.5449417,15,0,0,0,dh
가챠팝,쇼핑 유통>장난감,,서울특별시 용산구 청파로47길 62 1층 102호,서울특별시 용산구 청파동2가 66-27 1층 102호,2.7,,https://www.instagram.com/gachapop__,https://map.naver.com/v5/search/%EA%B0%80%EC%B1%A0%ED%8C%9D/place/1269671440?c=126.967144,37.5449417,15,0,0,0,dh
가챠팝,쇼핑 유통>장난감,,서울특별시 용산구 청파로47길 62 1층 102호,서울특별시 용산구 청파동2가 66-27 1층 102호,2.7,,https://www.instagram.com/gachapop__,https://map.naver.com/v5/search/%EA%B0%80%EC%B1%A0%ED%8C%9D/place/1269671440?c=126.967144,37.5449417,15,0,0,0,dh
가챠팝,쇼핑 유통>장난감,,서울특별시 용산구 청파로47길 62 1층 102호,서울특별시 용산구 청파동2가 66-27 1층 102호,2.7,,https://www.instagram.com/gachapop__,https://map.naver.com/v5/search/%EA%B0%80%EC%B1%A0%ED%8C%9D/place/1269671440?c=126.967144,37.5449417,15,0,0,0,dh
가챠팝,쇼핑 유통>장난감,,서울특별시 용산구 청파로47길 62 1층 102호,서울특별시 용산구 청파동2가 66-27 1층 102호,2.7,,https://www.instagram.com/gachapop__,https://map.naver.com/v5/search/%EA%B0%80%EC%B1%A0%ED%8C%9D/place/1269671440?c=126.967144,37.5449417,15,0,0,0,dh
가챠팝,쇼핑 유통>장난감,,서울특별시 용산구 청파로47길 62 1층 102호,서울특별시 용산구 청파동2가 66-27 1층 102호,2.7,,https://www.instagram.com/gachapop__,https://map.naver.com/v5/search/%EA%B0%80%EC%B1%A0%ED%8C%9D/place/1269671440?c=126.967144,37.5449417,15,0,0,0,dh
가챠팝,쇼핑 유통>장난감,,서울특별시 용산구 청파로47길 62 1층 102호,서울특별시 용산구 청파동2가 66-27 1층 102호,2.7,,https://www.instagram.com/gachapop__,https://map.naver.com/v5/search/%EA%B0%80%EC%B1%A0%ED%8C%9D/place/1269671440?c=126.967144,37.5449417,15,0,0,0,dh
가챠팝,쇼핑 유통>장난감,,서울특별시 용산구 청파로47길 62 1층 102호,서울특별시 용산구 청파동2가 66-27 1층 102호,2.7,,https://www.instagram.com/gachapop__,https://map.naver.com/v5/search/%EA%B0%80%EC%B1%A0%ED%8C%9D/place/1269671440?c=126.967144,37.5449417,15,0,0,0,dh
가챠팝,쇼핑 유통>장난감,,서울특별시 용산구 청파로47길 62 1층 102호,서울특별시 용산구 청파동2가 66-27 1층 102호,2.7,,https://www.instagram.com/gachapop__,https://map.naver.com/v5/search/%EA%B0%80%EC%B1%A0%ED%8C%9D/place/1269671440?c=126.967144,37.5449417,15,0,0,0,dh
가챠팝,쇼핑 유통>장난감,,서울특별시 용산구 청파로47길 62 1층 102호,서울특별시 용산구 청파동2가 66-27 1층 102호,2.7,,https://www.instagram.com/gachapop__,https://map.naver.com/v5/search/%EA%B0%80%EC%B1%A0%ED%8C%9D/place/1269671440?c=126.967144,37.5449417,15,0,0,0,dh
가챠팝,쇼핑 유통>장난감,,서울특별시 용산구 청파로47길 62 1층 102호,서울특별시 용산구 청파동2가 66-27 1층 102호,2.7,,https://www.instagram.com/gachapop__,https://map.naver.com/v5/search/%EA%B0%80%EC%B1%A0%ED%8C%9D/place/1269671440?c=126.967144,37.5449417,15,0,0,0,dh
가챠파크아이파크몰용산점리빙파크점,여행 명소>관람 체험,,서울특별시 용산구 한강대로23길 55 용산역,서울특별시 용산구 한강로3가 40-999,4.4,,,https://map.naver.com/v5/search/%EA%B0%80%EC%B1%A0%ED%8C%8C%ED%81%AC%EC%95%84%EC%9D%B4%ED%8C%8C%ED%81%AC%EB%AA%B0%EC%9A%A9%EC%82%B0%EC%A0%90%EB%A6%AC%EB%B9%99%ED%8C%8C%ED%81%AC%EC%A0%90/place/1269644029?c=126.9644029,37.5298019,15,0,0,0,dh
가챠파크아이파크몰용산점리빙파크점,여행 명소>관람 체험,,서울특별시 용산구 한강대로23길 55 용산역,서울특별시 용산구 한강로3가 40-999,4.4,,,https://map.naver.com/v5/search/%EA%B0%80%EC%B1%A0%ED%8C%8C%ED%81%AC%EC%95%84%EC%9D%B4%ED%8C%8C%ED%81%AC%EB%AA%B0%EC%9A%A9%EC%82%B0%EC%A0%90%EB%A6%AC%EB%B9%99%ED%8C%8C%ED%81%AC%EC%A0%90/place/1269644029?c=126.9644029,37.5298019,15,0,0,0,dh
가챠파크아이파크몰용산점리빙파크점,여행 명소>관람 체험,,서울특별시 용산구 한강대로23길 55 용산역,서울특별시 용산구 한강로3가 40-999,4.4,,,https://map.naver.com/v5/search/%EA%B0%80%EC%B1%A0%ED%8C%8C%ED%81%AC%EC%95%84%EC%9D%B4%ED%8C%8C%ED%81%AC%EB%AA%B0%EC%9A%A9%EC%82%B0%EC%A0%90%EB%A6%AC%EB%B9%99%ED%8C%8C%ED%81%AC%EC%A0%90/place/1269644029?c=126.9644029,37.5298019,15,0,0,0,dh
가챠파크아이파크몰용산점리빙파크점,여행 명소>관람 체험,,서울특별시 용산구 한강대로23길 55 용산역,서울특별시 용산구 한강로3가 40-999,4.4,,,https://map.naver.com/v5/search/%EA%B0%80%EC%B1%A0%ED%8C%8C%ED%81%AC%EC%95%84%EC%9D%B4%ED%8C%8C%ED%81%AC%EB%AA%B0%EC%9A%A9%EC%82%B0%EC%A0%90%EB%A6%AC%EB%B9%99%ED%8C%8C%ED%81%AC%EC%A0%90/place/1269644029?c=126.9644029,37.5298019,15,0,0,0,dh
가챠파크아이파크몰용산점리빙파크점,여행 명소>관람 체험,,서울특별시 용산구 한강대로23길 55 용산역,서울특별시 용산구 한강로3가 40-999,4.4,,,https://map.naver.com/v5/search/%EA%B0%80%EC%B1%A0%ED%8C%8C%ED%81%AC%EC%95%84%EC%9D%B4%ED%8C%8C%ED%81%AC%EB%AA%B0%EC%9A%A9%EC%82%B0%EC%A0%90%EB%A6%AC%EB%B9%99%ED%8C%8C%ED%81%AC%EC%A0%90/place/1269644029?c=126.9644029,37.5298019,15,0,0,0,dh
제이에스스토어,쇼핑 유통>장난감,,서울특별시 마포구 와우산로29길 48-24 1층,서울특별시 마포구 서교동 329-1 1층,5.7,,https://smartstore.naver.com/jsstore_hongdae,https://map.naver.com/v5/search/%EC%A0%9C%EC%9D%B4%EC%97%90%EC%8A%A4%EC%8A%A4%ED%86%A0%EC%96%B4/place/1269280222?c=126.9280222,37.5563199,15,0,0,0,dh
제이에스스토어,쇼핑 유통>장난감,,서울특별시 마포구 와우산로29길 48-24 1층,서울특별시 마포구 서교동 329-1 1층,5.7,,https://smartstore.naver.com/jsstore_hongdae,https://map.naver.com/v5/search/%EC%A0%9C%EC%9D%B4%EC%97%90%EC%8A%A4%EC%8A%A4%ED%86%A0%EC%96%B4/place/1269280222?c=126.9280222,37.5563199,15,0,0,0,dh
제이에스스토어,쇼핑 유통>장난감,,서울특별시 마포구 와우산로29길 48-24 1층,서울특별시 마포구 서교동 329-1 1층,5.7,,https://smartstore.naver.com/jsstore_hongdae,https://map.naver.com/v5/search/%EC%A0%9C%EC%9D%B4%EC%97%90%EC%8A%A4%EC%8A%A4%ED%86%A0%EC%96%B4/place/1269280222?c=126.9280222,37.5563199,15,0,0,0,dh
제이에스스토어,쇼핑 유통>장난감,,서울특별시 마포구 와우산로29길 48-24 1층,서울특별시 마포구 서교동 329-1 1층,5.7,,https://smartstore.naver.com/jsstore_hongdae,https://map.naver.com/v5/search/%EC%A0%9C%EC%9D%B4%EC%97%90%EC%8A%A4%EC%8A%A4%ED%86%A0%EC%96%B4/place/1269280222?c=126.9280222,37.5563199,15,0,0,0,dh
제이에스스토어,쇼핑 유통>장난감,,서울특별시 마포구 와우산로29길 48-24 1층,서울특별시 마포구 서교동 329-1 1층,5.7,,https://smartstore.naver.com/jsstore_hongdae,https://map.naver.com/v5/search/%EC%A0%9C%EC%9D%B4%EC%97%90%EC%8A%A4%EC%8A%A4%ED%86%A0%EC%96%B4/place/1269280222?c=126.9280222,37.5563199,15,0,0,0,dh
가챠오션,쇼핑 유통>장난감,,서울특별시 마포구 동교로38길 29 1.5층 가챠오션,서울특별시 마포구 연남동 390-34 1.5층 가챠오션,5.9,,,https://map.naver.com/v5/search/%EA%B0%80%EC%B1%A0%EC%98%A4%EC%85%98/place/1269256788?c=126.9256788,37.5616072,15,0,0,0,dh
가챠오션,쇼핑 유통>장난감,,서울특별시 마포구 동교로38길 29 1.5층 가챠오션,서울특별시 마포구 연남동 390-34 1.5층 가챠오션,5.9,,,https://map.naver.com/v5/search/%EA%B0%80%EC%B1%A0%EC%98%A4%EC%85%98/place/1269256788?c=126.9256788,37.5616072,15,0,0,0,dh
가챠오션,쇼핑 유통>장난감,,서울특별시 마포구 동교로38길 29 1.5층 가챠오션,서울특별시 마포구 연남동 390-34 1.5층 가챠오션,5.9,,,https://map.naver.com/v5/search/%EA%B0%80%EC%B1%A0%EC%98%A4%EC%85%98/place/1269256788?c=126.9256788,37.5616072,15,0,0,0,dh
가챠오션,쇼핑 유통>장난감,,서울특별시 마포구 동교로38길 29 1.5층 가챠오션,서울특별시 마포구 연남동 390-34 1.5층 가챠오션,5.9,,,https://map.naver.com/v5/search/%EA%B0%80%EC%B1%A0%EC%98%A4%EC%85%98/place/1269256788?c=126.9256788,37.5616072,15,0,0,0,dh
가챠오션,쇼핑 유통>장난감,,서울특별시 마포구 동교로38길 29 1.5층 가챠오션,서울특별시 마포구 연남동 390-34 1.5층 가챠오션,5.9,,,https://map.naver.com/v5/search/%EA%B0%80%EC%B1%A0%EC%98%A4%EC%85%98/place/1269256788?c=126.9256788,37.5616072,15,0,0,0,dh
가챠오션,쇼핑 유통>장난감,,서울특별시 마포구 동교로38길 29 1.5층 가챠오션,서울특별시 마포구 연남동 390-34 1.5층 가챠오션,5.9,,,https://map.naver.com/v5/search/%EA%B0%80%EC%B1%A0%EC%98%A4%EC%85%98/place/1269256788?c=126.9256788,37.5616072,15,0,0,0,dh
가챠오션,쇼핑 유통>장난감,,서울특별시 마포구 동교로38길 29 1.5층 가챠오션,서울특별시 마포구 연남동 390-34 1.5층 가챠오션,5.9,,,https://map.naver.com/v5/search/%EA%B0%80%EC%B1%A0%EC%98%A4%EC%85%98/place/1269256788?c=126.9256788,37.5616072,15,0,0,0,dh
가챠오션,쇼핑 유통>장난감,,서울특별시 마포구 동교로38길 29 1.5층 가챠오션,서울특별시 마포구 연남동 390-34 1.5층 가챠오션,5.9,,,https://map.naver.com/v5/search/%EA%B0%80%EC%B1%A0%EC%98%A4%EC%85%98/place/1269256788?c=126.9256788,37.5616072,15,0,0,0,dh
가챠오션,쇼핑 유통>장난감,,서울특별시 마포구 동교로38길 29 1.5층 가챠오션,서울특별시 마포구 연남동 390-34 1.5층 가챠오션,5.9,,,https://map.naver.com/v5/search/%EA%B0%80%EC%B1%A0%EC%98%A4%EC%85%98/place/1269256788?c=126.9256788,37.5616072,15,0,0,0,dh
가챠오션,쇼핑 유통>장난감,,서울특별시 마포구 동교로38길 29 1.5층 가챠오션,서울특별시 마포구 연남동 390-34 1.5층 가챠오션,5.9,,,https://map.naver.com/v5/search/%EA%B0%80%EC%B1%A0%EC%98%A4%EC%85%98/place/1269256788?c=126.9256788,37.5616072,15,0,0,0,dh
가챠오션,쇼핑 유통>장난감,,서울특별시 마포구 동교로38길 29 1.5층 가챠오션,서울특별시 마포구 연남동 390-34 1.5층 가챠오션,5.9,,,https://map.naver.com/v5/search/%EA%B0%80%EC%B1%A0%EC%98%A4%EC%85%98/place/1269256788?c=126.9256788,37.5616072,15,0,0,0,dh
가챠오션,쇼핑 유통>장난감,,서울특별시 마포구 동교로38길 29 1.5층 가챠오션,서울특별시 마포구 연남동 390-34 1.5층 가챠오션,5.9,,,https://map.naver.com/v5/search/%EA%B0%80%EC%B1%A0%EC%98%A4%EC%85%98/place/1269256788?c=126.9256788,37.5616072,15,0,0,0,dh
가챠오션,쇼핑 유통>장난감,,서울특별시 마포구 동교로38길 29 1.5층 가챠오션,서울특별시 마포구 연남동 390-34 1.5층 가챠오션,5.9,,,https://map.naver.com/v5/search/%EA%B0%80%EC%B1%A0%EC%98%A4%EC%85%98/place/1269256788?c=126.9256788,37.5616072,15,0,0,0,dh
가챠오션,쇼핑 유통>장난감,,서울특별시 마포구 동교로38길 29 1.5층 가챠오션,서울특별시 마포구 연남동 390-34 1.5층 가챠오션,5.9,,,https://map.naver.com/v5/search/%EA%B0%80%EC%B1%A0%EC%98%A4%EC%85%98/place/1269256788?c=126.9256788,37.5616072,15,0,0,0,dh
가챠오션,쇼핑 유통>장난감,,서울특별시 마포구 동교로38길 29 1.5층 가챠오션,서울특별시 마포구 연남동 390-34 1.5층 가챠오션,5.9,,,https://map.naver.com/v5/search/%EA%B0%80%EC%B1%A0%EC%98%A4%EC%85%98/place/1269256788?c=126.9256788,37.5616072,15,0,0,0,dh
더쿠 연트럴파크점,쇼핑 유통>장난감,,서울특별시 마포구 양화로21길 17 지하1층,서울특별시 마포구 동교동 154-2 지하1층,6.0,,,https://map.naver.com/v5/search/%EB%8D%94%EC%BF%A0%20%EC%97%B0%ED%8A%B8%EB%9F%B4%ED%8C%8C%ED%81%AC%EC%A0%90/place/1269249122?c=126.9249122,37.558998,15,0,0,0,dh
더쿠 연트럴파크점,쇼핑 유통>장난감,,서울특별시 마포구 양화로21길 17 지하1층,서울특별시 마포구 동교동 154-2 지하1층,6.0,,,https://map.naver.com/v5/search/%EB%8D%94%EC%BF%A0%20%EC%97%B0%ED%8A%B8%EB%9F%B4%ED%8C%8C%ED%81%AC%EC%A0%90/place/1269249122?c=126.9249122,37.558998,15,0,0,0,dh
더쿠 연트럴파크점,쇼핑 유통>장난감,,서울특별시 마포구 양화로21길 17 지하1층,서울특별시 마포구 동교동 154-2 지하1층,6.0,,,https://map.naver.com/v5/search/%EB%8D%94%EC%BF%A0%20%EC%97%B0%ED%8A%B8%EB%9F%B4%ED%8C%8C%ED%81%AC%EC%A0%90/place/1269249122?c=126.9249122,37.558998,15,0,0,0,dh
더쿠 연트럴파크점,쇼핑 유통>장난감,,서울특별시 마포구 양화로21길 17 지하1층,서울특별시 마포구 동교동 154-2 지하1층,6.0,,,https://map.naver.com/v5/search/%EB%8D%94%EC%BF%A0%20%EC%97%B0%ED%8A%B8%EB%9F%B4%ED%8C%8C%ED%81%AC%EC%A0%90/place/1269249122?c=126.9249122,37.558998,15,0,0,0,dh
더쿠 연트럴파크점,쇼핑 유통>장난감,,서울특별시 마포구 양화로21길 17 지하1층,서울특별시 마포구 동교동 154-2 지하1층,6.0,,,https://map.naver.com/v5/search/%EB%8D%94%EC%BF%A0%20%EC%97%B0%ED%8A%B8%EB%9F%B4%ED%8C%8C%ED%81%AC%EC%A0%90/place/1269249122?c=126.9249122,37.558998,15,0,0,0,dh
코끼리밥캡슐토이,쇼핑 유통>장난감,,서울특별시 마포구 양화로 161 EXIT 1층 코끼리밥 캡슐토이,서울특별시 마포구 동교동 159-5 EXIT 1층 코끼리밥 캡슐토이,6.2,,https://smartstore.naver.com/kokiribob,https://map.naver.com/v5/search/%EC%BD%94%EB%81%BC%EB%A6%AC%EB%B0%A5%EC%BA%A1%EC%8A%90%ED%86%A0%EC%9D%B4/place/1269233225?c=126.9233225,37.5569371,15,0,0,0,dh
코끼리밥캡슐토이,쇼핑 유통>장난감,,서울특별시 마포구 양화로 161 EXIT 1층 코끼리밥 캡슐토이,서울특별시 마포구 동교동 159-5 EXIT 1층 코끼리밥 캡슐토이,6.2,,https://smartstore.naver.com/kokiribob,https://map.naver.com/v5/search/%EC%BD%94%EB%81%BC%EB%A6%AC%EB%B0%A5%EC%BA%A1%EC%8A%90%ED%86%A0%EC%9D%B4/place/1269233225?c=126.9233225,37.5569371,15,0,0,0,dh
코끼리밥캡슐토이,쇼핑 유통>장난감,,서울특별시 마포구 양화로 161 EXIT 1층 코끼리밥 캡슐토이,서울특별시 마포구 동교동 159-5 EXIT 1층 코끼리밥 캡슐토이,6.2,,https://smartstore.naver.com/kokiribob,https://map.naver.com/v5/search/%EC%BD%94%EB%81%BC%EB%A6%AC%EB%B0%A5%EC%BA%A1%EC%8A%90%ED%86%A0%EC%9D%B4/place/1269233225?c=126.9233225,37.5569371,15,0,0,0,dh
코끼리밥캡슐토이,쇼핑 유통>장난감,,서울특별시 마포구 양화로 161 EXIT 1층 코끼리밥 캡슐토이,서울특별시 마포구 동교동 159-5 EXIT 1층 코끼리밥 캡슐토이,6.2,,https://smartstore.naver.com/kokiribob,https://map.naver.com/v5/search/%EC%BD%94%EB%81%BC%EB%A6%AC%EB%B0%A5%EC%BA%A1%EC%8A%90%ED%86%A0%EC%9D%B4/place/1269233225?c=126.9233225,37.5569371,15,0,0,0,dh
코끼리밥캡슐토이,쇼핑 유통>장난감,,서울특별시 마포구 양화로 161 EXIT 1층 코끼리밥 캡슐토이,서울특별시 마포구 동교동 159-5 EXIT 1층 코끼리밥 캡슐토이,6.2,,https://smartstore.naver.com/kokiribob,https://map.naver.com/v5/search/%EC%BD%94%EB%81%BC%EB%A6%AC%EB%B0%A5%EC%BA%A1%EC%8A%90%ED%86%A0%EC%9D%B4/place/1269233225?c=126.9233225,37.5569371,15,0,0,0,dh
코끼리밥캡슐토이,쇼핑 유통>장난감,,서울특별시 마포구 양화로 161 EXIT 1층 코끼리밥 캡슐토이,서울특별시 마포구 동교동 159-5 EXIT 1층 코끼리밥 캡슐토이,6.2,,https://smartstore.naver.com/kokiribob,https://map.naver.com/v5/search/%EC%BD%94%EB%81%BC%EB%A6%AC%EB%B0%A5%EC%BA%A1%EC%8A%90%ED%86%A0%EC%9D%B4/place/1269233225?c=126.9233225,37.5569371,15,0,0,0,dh
코끼리밥캡슐토이,쇼핑 유통>장난감,,서울특별시 마포구 양화로 161 EXIT 1층 코끼리밥 캡슐토이,서울특별시 마포구 동교동 159-5 EXIT 1층 코끼리밥 캡슐토이,6.2,,https://smartstore.naver.com/kokiribob,https://map.naver.com/v5/search/%EC%BD%94%EB%81%BC%EB%A6%AC%EB%B0%A5%EC%BA%A1%EC%8A%90%ED%86%A0%EC%9D%B4/place/1269233225?c=126.9233225,37.5569371,15,0,0,0,dh
코끼리밥캡슐토이,쇼핑 유통>장난감,,서울특별시 마포구 양화로 161 EXIT 1층 코끼리밥 캡슐토이,서울특별시 마포구 동교동 159-5 EXIT 1층 코끼리밥 캡슐토이,6.2,,https://smartstore.naver.com/kokiribob,https://map.naver.com/v5/search/%EC%BD%94%EB%81%BC%EB%A6%AC%EB%B0%A5%EC%BA%A1%EC%8A%90%ED%86%A0%EC%9D%B4/place/1269233225?c=126.9233225,37.5569371,15,0,0,0,dh
코끼리밥캡슐토이,쇼핑 유통>장난감,,서울특별시 마포구 양화로 161 EXIT 1층 코끼리밥 캡슐토이,서울특별시 마포구 동교동 159-5 EXIT 1층 코끼리밥 캡슐토이,6.2,,https://smartstore.naver.com/kokiribob,https://map.naver.com/v5/search/%EC%BD%94%EB%81%BC%EB%A6%AC%EB%B0%A5%EC%BA%A1%EC%8A%90%ED%86%A0%EC%9D%B4/place/1269233225?c=126.9233225,37.5569371,15,0,0,0,dh
코끼리밥캡슐토이,쇼핑 유통>장난감,,서울특별시 마포구 양화로 161 EXIT 1층 코끼리밥 캡슐토이,서울특별시 마포구 동교동 159-5 EXIT 1층 코끼리밥 캡슐토이,6.2,,https://smartstore.naver.com/kokiribob,https://map.naver.com/v5/search/%EC%BD%94%EB%81%BC%EB%A6%AC%EB%B0%A5%EC%BA%A1%EC%8A%90%ED%86%A0%EC%9D%B4/place/1269233225?c=126.9233225,37.5569371,15,0,0,0,dh
고고샵 가챠,쇼핑 유통>장난감,,서울특별시 동작구 노량진로16길 14 1층 입구 우측상가,서울특별시 동작구 노량진동 97-1 1층 입구 우측상가,7.1,,https://www.instagram.com/gogoshop_gacha,https://map.naver.com/v5/search/%EA%B3%A0%EA%B3%A0%EC%83%B5%20%EA%B0%80%EC%B1%A0/place/1269436656?c=126.9436656,37.5129371,15,0,0,0,dh
고고샵 가챠,쇼핑 유통>장난감,,서울특별시 동작구 노량진로16길 14 1층 입구 우측상가,서울특별시 동작구 노량진동 97-1 1층 입구 우측상가,7.1,,https://www.instagram.com/gogoshop_gacha,https://map.naver.com/v5/search/%EA%B3%A0%EA%B3%A0%EC%83%B5%20%EA%B0%80%EC%B1%A0/place/1269436656?c=126.9436656,37.5129371,15,0,0,0,dh
고고샵 가챠,쇼핑 유통>장난감,,서울특별시 동작구 노량진로16길 14 1층 입구 우측상가,서울특별시 동작구 노량진동 97-1 1층 입구 우측상가,7.1,,https://www.instagram.com/gogoshop_gacha,https://map.naver.com/v5/search/%EA%B3%A0%EA%B3%A0%EC%83%B5%20%EA%B0%80%EC%B1%A0/place/1269436656?c=126.9436656,37.5129371,15,0,0,0,dh
고고샵 가챠,쇼핑 유통>장난감,,서울특별시 동작구 노량진로16길 14 1층 입구 우측상가,서울특별시 동작구 노량진동 97-1 1층 입구 우측상가,7.1,,https://www.instagram.com/gogoshop_gacha,https://map.naver.com/v5/search/%EA%B3%A0%EA%B3%A0%EC%83%B5%20%EA%B0%80%EC%B1%A0/place/1269436656?c=126.9436656,37.5129371,15,0,0,0,dh
고고샵 가챠,쇼핑 유통>장난감,,서울특별시 동작구 노량진로16길 14 1층 입구 우측상가,서울특별시 동작구 노량진동 97-1 1층 입구 우측상가,7.1,,https://www.instagram.com/gogoshop_gacha,https://map.naver.com/v5/search/%EA%B3%A0%EA%B3%A0%EC%83%B5%20%EA%B0%80%EC%B1%A0/place/1269436656?c=126.9436656,37.5129371,15,0,0,0,dh
고고샵 가챠,쇼핑 유통>장난감,,서울특별시 동작구 노량진로16길 14 1층 입구 우측상가,서울특별시 동작구 노량진동 97-1 1층 입구 우측상가,7.1,,https://www.instagram.com/gogoshop_gacha,https://map.naver.com/v5/search/%EA%B3%A0%EA%B3%A0%EC%83%B5%20%EA%B0%80%EC%B1%A0/place/1269436656?c=126.9436656,37.5129371,15,0,0,0,dh
고고샵 가챠,쇼핑 유통>장난감,,서울특별시 동작구 노량진로16길 14 1층 입구 우측상가,서울특별시 동작구 노량진동 97-1 1층 입구 우측상가,7.1,,https://www.instagram.com/gogoshop_gacha,https://map.naver.com/v5/search/%EA%B3%A0%EA%B3%A0%EC%83%B5%20%EA%B0%80%EC%B1%A0/place/1269436656?c=126.9436656,37.5129371,15,0,0,0,dh
고고샵 가챠,쇼핑 유통>장난감,,서울특별시 동작구 노량진로16길 14 1층 입구 우측상가,서울특별시 동작구 노량진동 97-1 1층 입구 우측상가,7.1,,https://www.instagram.com/gogoshop_gacha,https://map.naver.com/v5/search/%EA%B3%A0%EA%B3%A0%EC%83%B5%20%EA%B0%80%EC%B1%A0/place/1269436656?c=126.9436656,37.5129371,15,0,0,0,dh
고고샵 가챠,쇼핑 유통>장난감,,서울특별시 동작구 노량진로16길 14 1층 입구 우측상가,서울특별시 동작구 노량진동 97-1 1층 입구 우측상가,7.1,,https://www.instagram.com/gogoshop_gacha,https://map.naver.com/v5/search/%EA%B3%A0%EA%B3%A0%EC%83%B5%20%EA%B0%80%EC%B1%A0/place/1269436656?c=126.9436656,37.5129371,15,0,0,0,dh
고고샵 가챠,쇼핑 유통>장난감,,서울특별시 동작구 노량진로16길 14 1층 입구 우측상가,서울특별시 동작구 노량진동 97-1 1층 입구 우측상가,7.1,,https://www.instagram.com/gogoshop_gacha,https://map.naver.com/v5/search/%EA%B3%A0%EA%B3%A0%EC%83%B5%20%EA%B0%80%EC%B1%A0/place/1269436656?c=126.9436656,37.5129371,15,0,0,0,dh
나나가챠,쇼핑 유통>장난감,,서울특별시 성동구 서울숲2길 11-17 2층,서울특별시 성동구 성수동1가 685-441 2층,7.2,,https://www.instagram.com/nana_gacha_forest,https://map.naver.com/v5/search/%EB%82%98%EB%82%98%EA%B0%80%EC%B1%A0/place/1270400206?c=127.0400206,37.5477718,15,0,0,0,dh
나나가챠,쇼핑 유통>장난감,,서울특별시 성동구 서울숲2길 11-17 2층,서울특별시 성동구 성수동1가 685-441 2층,7.2,,https://www.instagram.com/nana_gacha_forest,https://map.naver.com/v5/search/%EB%82%98%EB%82%98%EA%B0%80%EC%B1%A0/place/1270400206?c=127.0400206,37.5477718,15,0,0,0,dh
나나가챠,쇼핑 유통>장난감,,서울특별시 성동구 서울숲2길 11-17 2층,서울특별시 성동구 성수동1가 685-441 2층,7.2,,https://www.instagram.com/nana_gacha_forest,https://map.naver.com/v5/search/%EB%82%98%EB%82%98%EA%B0%80%EC%B1%A0/place/1270400206?c=127.0400206,37.5477718,15,0,0,0,dh
나나가챠,쇼핑 유통>장난감,,서울특별시 성동구 서울숲2길 11-17 2층,서울특별시 성동구 성수동1가 685-441 2층,7.2,,https://www.instagram.com/nana_gacha_forest,https://map.naver.com/v5/search/%EB%82%98%EB%82%98%EA%B0%80%EC%B1%A0/place/1270400206?c=127.0400206,37.5477718,15,0,0,0,dh
나나가챠,쇼핑 유통>장난감,,서울특별시 성동구 서울숲2길 11-17 2층,서울특별시 성동구 성수동1가 685-441 2층,7.2,,https://www.instagram.com/nana_gacha_forest,https://map.naver.com/v5/search/%EB%82%98%EB%82%98%EA%B0%80%EC%B1%A0/place/1270400206?c=127.0400206,37.5477718,15,0,0,0,dh
나나가챠,쇼핑 유통>장난감,,서울특별시 성동구 서울숲2길 11-17 2층,서울특별시 성동구 성수동1가 685-441 2층,7.2,,https://www.instagram.com/nana_gacha_forest,https://map.naver.com/v5/search/%EB%82%98%EB%82%98%EA%B0%80%EC%B1%A0/place/1270400206?c=127.0400206,37.5477718,15,0,0,0,dh
나나가챠,쇼핑 유통>장난감,,서울특별시 성동구 서울숲2길 11-17 2층,서울특별시 성동구 성수동1가 685-441 2층,7.2,,https://www.instagram.com/nana_gacha_forest,https://map.naver.com/v5/search/%EB%82%98%EB%82%98%EA%B0%80%EC%B1%A0/place/1270400206?c=127.0400206,37.5477718,15,0,0,0,dh
나나가챠,쇼핑 유통>장난감,,서울특별시 성동구 서울숲2길 11-17 2층,서울특별시 성동구 성수동1가 685-441 2층,7.2,,https://www.instagram.com/nana_gacha_forest,https://map.naver.com/v5/search/%EB%82%98%EB%82%98%EA%B0%80%EC%B1%A0/place/1270400206?c=127.0400206,37.5477718,15,0,0,0,dh
나나가챠,쇼핑 유통>장난감,,서울특별시 성동구 서울숲2길 11-17 2층,서울특별시 성동구 성수동1가 685-441 2층,7.2,,https://www.instagram.com/nana_gacha_forest,https://map.naver.com/v5/search/%EB%82%98%EB%82%98%EA%B0%80%EC%B1%A0/place/1270400206?c=127.0400206,37.5477718,15,0,0,0,dh
나나가챠,쇼핑 유통>장난감,,서울특별시 성동구 서울숲2길 11-17 2층,서울특별시 성동구 성수동1가 685-441 2층,7.2,,https://www.instagram.com/nana_gacha_forest,https://map.naver.com/v5/search/%EB%82%98%EB%82%98%EA%B0%80%EC%B1%A0/place/1270400206?c=127.0400206,37.5477718,15,0,0,0,dh
나나가챠,쇼핑 유통>장난감,,서울특별시 성동구 서울숲2길 11-17 2층,서울특별시 성동구 성수동1가 685-441 2층,7.2,,https://www.instagram.com/nana_gacha_forest,https://map.naver.com/v5/search/%EB%82%98%EB%82%98%EA%B0%80%EC%B1%A0/place/1270400206?c=127.0400206,37.5477718,15,0,0,0,dh
나나가챠,쇼핑 유통>장난감,,서울특별시 성동구 서울숲2길 11-17 2층,서울특별시 성동구 성수동1가 685-441 2층,7.2,,https://www.instagram.com/nana_gacha_forest,https://map.naver.com/v5/search/%EB%82%98%EB%82%98%EA%B0%80%EC%B1%A0/place/1270400206?c=127.0400206,37.5477718,15,0,0,0,dh
나나가챠,쇼핑 유통>장난감,,서울특별시 성동구 서울숲2길 11-17 2층,서울특별시 성동구 성수동1가 685-441 2층,7.2,,https://www.instagram.com/nana_gacha_forest,https://map.naver.com/v5/search/%EB%82%98%EB%82%98%EA%B0%80%EC%B1%A0/place/1270400206?c=127.0400206,37.5477718,15,0,0,0,dh
나나가챠,쇼핑 유통>장난감,,서울특별시 성동구 서울숲2길 11-17 2층,서울특별시 성동구 성수동1가 685-441 2층,7.2,,https://www.instagram.com/nana_gacha_forest,https://map.naver.com/v5/search/%EB%82%98%EB%82%98%EA%B0%80%EC%B1%A0/place/1270400206?c=127.0400206,37.5477718,15,0,0,0,dh
나나가챠,쇼핑 유통>장난감,,서울특별시 성동구 서울숲2길 11-17 2층,서울특별시 성동구 성수동1가 685-441 2층,7.2,,https://www.instagram.com/nana_gacha_forest,https://map.naver.com/v5/search/%EB%82%98%EB%82%98%EA%B0%80%EC%B1%A0/place/1270400206?c=127.0400206,37.5477718,15,0,0,0,dh
나나가챠,쇼핑 유통>장난감,,서울특별시 성동구 서울숲2길 11-17 2층,서울특별시 성동구 성수동1가 685-441 2층,7.2,,https://www.instagram.com/nana_gacha_forest,https://map.naver.com/v5/search/%EB%82%98%EB%82%98%EA%B0%80%EC%B1%A0/place/1270400206?c=127.0400206,37.5477718,15,0,0,0,dh
나나가챠,쇼핑 유통>장난감,,서울특별시 성동구 서울숲2길 11-17 2층,서울특별시 성동구 성수동1가 685-441 2층,7.2,,https://www.instagram.com/nana_gacha_forest,https://map.naver.com/v5/search/%EB%82%98%EB%82%98%EA%B0%80%EC%B1%A0/place/1270400206?c=127.0400206,37.5477718,15,0,0,0,dh
나나가챠,쇼핑 유통>장난감,,서울특별시 성동구 서울숲2길 11-17 2층,서울특별시 성동구 성수동1가 685-441 2층,7.2,,https://www.instagram.com/nana_gacha_forest,https://map.naver.com/v5/search/%EB%82%98%EB%82%98%EA%B0%80%EC%B1%A0/place/1270400206?c=127.0400206,37.5477718,15,0,0,0,dh
나나가챠,쇼핑 유통>장난감,,서울특별시 성동구 서울숲2길 11-17 2층,서울특별시 성동구 성수동1가 685-441 2층,7.2,,https://www.instagram.com/nana_gacha_forest,https://map.naver.com/v5/search/%EB%82%98%EB%82%98%EA%B0%80%EC%B1%A0/place/1270400206?c=127.0400206,37.5477718,15,0,0,0,dh
나나가챠,쇼핑 유통>장난감,,서울특별시 성동구 서울숲2길 11-17 2층,서울특별시 성동구 성수동1가 685-441 2층,7.2,,https://www.instagram.com/nana_gacha_forest,https://map.naver.com/v5/search/%EB%82%98%EB%82%98%EA%B0%80%EC%B1%A0/place/1270400206?c=127.0400206,37.5477718,15,0,0,0,dh
놀이터 가챠,쇼핑 유통>장난감,,서울특별시 마포구 포은로 89 1층,서울특별시 마포구 망원동 404-39 1층,8.3,,https://smartstore.naver.com/playground_gacha,https://map.naver.com/v5/search/%EB%86%80%EC%9D%B4%ED%84%B0%20%EA%B0%80%EC%B1%A0/place/1269049776?c=126.9049776,37.5549548,15,0,0,0,dh
놀이터 가챠,쇼핑 유통>장난감,,서울특별시 마포구 포은로 89 1층,서울특별시 마포구 망원동 404-39 1층,8.3,,https://smartstore.naver.com/playground_gacha,https://map.naver.com/v5/search/%EB%86%80%EC%9D%B4%ED%84%B0%20%EA%B0%80%EC%B1%A0/place/1269049776?c=126.9049776,37.5549548,15,0,0,0,dh
놀이터 가챠,쇼핑 유통>장난감,,서울특별시 마포구 포은로 89 1층,서울특별시 마포구 망원동 404-39 1층,8.3,,https://smartstore.naver.com/playground_gacha,https://map.naver.com/v5/search/%EB%86%80%EC%9D%B4%ED%84%B0%20%EA%B0%80%EC%B1%A0/place/1269049776?c=126.9049776,37.5549548,15,0,0,0,dh
놀이터 가챠,쇼핑 유통>장난감,,서울특별시 마포구 포은로 89 1층,서울특별시 마포구 망원동 404-39 1층,8.3,,https://smartstore.naver.com/playground_gacha,https://map.naver.com/v5/search/%EB%86%80%EC%9D%B4%ED%84%B0%20%EA%B0%80%EC%B1%A0/place/1269049776?c=126.9049776,37.5549548,15,0,0,0,dh
놀이터 가챠,쇼핑 유통>장난감,,서울특별시 마포구 포은로 89 1층,서울특별시 마포구 망원동 404-39 1층,8.3,,https://smartstore.naver.com/playground_gacha,https://map.naver.com/v5/search/%EB%86%80%EC%9D%B4%ED%84%B0%20%EA%B0%80%EC%B1%A0/place/1269049776?c=126.9049776,37.5549548,15,0,0,0,dh
놀이터 가챠,쇼핑 유통>장난감,,서울특별시 마포구 포은로 89 1층,서울특별시 마포구 망원동 404-39 1층,8.3,,https://smartstore.naver.com/playground_gacha,https://map.naver.com/v5/search/%EB%86%80%EC%9D%B4%ED%84%B0%20%EA%B0%80%EC%B1%A0/place/1269049776?c=126.9049776,37.5549548,15,0,0,0,dh
놀이터 가챠,쇼핑 유통>장난감,,서울특별시 마포구 포은로 89 1층,서울특별시 마포구 망원동 404-39 1층,8.3,,https://smartstore.naver.com/playground_gacha,https://map.naver.com/v5/search/%EB%86%80%EC%9D%B4%ED%84%B0%20%EA%B0%80%EC%B1%A0/place/1269049776?c=126.9049776,37.5549548,15,0,0,0,dh
놀이터 가챠,쇼핑 유통>장난감,,서울특별시 마포구 포은로 89 1층,서울특별시 마포구 망원동 404-39 1층,8.3,,https://smartstore.naver.com/playground_gacha,https://map.naver.com/v5/search/%EB%86%80%EC%9D%B4%ED%84%B0%20%EA%B0%80%EC%B1%A0/place/1269049776?c=126.9049776,37.5549548,15,0,0,0,dh
놀이터 가챠,쇼핑 유통>장난감,,서울특별시 마포구 포은로 89 1층,서울특별시 마포구 망원동 404-39 1층,8.3,,https://smartstore.naver.com/playground_gacha,https://map.naver.com/v5/search/%EB%86%80%EC%9D%B4%ED%84%B0%20%EA%B0%80%EC%B1%A0/place/1269049776?c=126.9049776,37.5549548,15,0,0,0,dh
놀이터 가챠,쇼핑 유통>장난감,,서울특별시 마포구 포은로 89 1층,서울특별시 마포구 망원동 404-39 1층,8.3,,https://smartstore.naver.com/playground_gacha,https://map.naver.com/v5/search/%EB%86%80%EC%9D%B4%ED%84%B0%20%EA%B0%80%EC%B1%A0/place/1269049776?c=126.9049776,37.5549548,15,0,0,0,dh
놀이터 가챠,쇼핑 유통>장난감,,서울특별시 마포구 포은로 89 1층,서울특별시 마포구 망원동 404-39 1층,8.3,,https://smartstore.naver.com/playground_gacha,https://map.naver.com/v5/search/%EB%86%80%EC%9D%B4%ED%84%B0%20%EA%B0%80%EC%B1%A0/place/1269049776?c=126.9049776,37.5549548,15,0,0,0,dh
놀이터 가챠,쇼핑 유통>장난감,,서울특별시 마포구 포은로 89 1층,서울특별시 마포구 망원동 404-39 1층,8.3,,https://smartstore.naver.com/playground_gacha,https://map.naver.com/v5/search/%EB%86%80%EC%9D%B4%ED%84%B0%20%EA%B0%80%EC%B1%A0/place/1269049776?c=126.9049776,37.5549548,15,0,0,0,dh
놀이터 가챠,쇼핑 유통>장난감,,서울특별시 마포구 포은로 89 1층,서울특별시 마포구 망원동 404-39 1층,8.3,,https://smartstore.naver.com/playground_gacha,https://map.naver.com/v5/search/%EB%86%80%EC%9D%B4%ED%84%B0%20%EA%B0%80%EC%B1%A0/place/1269049776?c=126.9049776,37.5549548,15,0,0,0,dh
놀이터 가챠,쇼핑 유통>장난감,,서울특별시 마포구 포은로 89 1층,서울특별시 마포구 망원동 404-39 1층,8.3,,https://smartstore.naver.com/playground_gacha,https://map.naver.com/v5/search/%EB%86%80%EC%9D%B4%ED%84%B0%20%EA%B0%80%EC%B1%A0/place/1269049776?c=126.9049776,37.5549548,15,0,0,0,dh
놀이터 가챠,쇼핑 유통>장난감,,서울특별시 마포구 포은로 89 1층,서울특별시 마포구 망원동 404-39 1층,8.3,,https://smartstore.naver.com/playground_gacha,https://map.naver.com/v5/search/%EB%86%80%EC%9D%B4%ED%84%B0%20%EA%B0%80%EC%B1%A0/place/1269049776?c=126.9049776,37.5549548,15,0,0,0,dh
우주가챠,쇼핑 유통>장난감,,서울특별시 강남구 봉은사로2길 13 지하1층,서울특별시 강남구 역삼동 810-1 지하1층,8.8,,https://x.com/wouldyougacha,https://map.naver.com/v5/search/%EC%9A%B0%EC%A3%BC%EA%B0%80%EC%B1%A0/place/1270258686?c=127.0258686,37.5036949,15,0,0,0,dh
우주가챠,쇼핑 유통>장난감,,서울특별시 강남구 봉은사로2길 13 지하1층,서울특별시 강남구 역삼동 810-1 지하1층,8.8,,https://x.com/wouldyougacha,https://map.naver.com/v5/search/%EC%9A%B0%EC%A3%BC%EA%B0%80%EC%B1%A0/place/1270258686?c=127.0258686,37.5036949,15,0,0,0,dh
우주가챠,쇼핑 유통>장난감,,서울특별시 강남구 봉은사로2길 13 지하1층,서울특별시 강남구 역삼동 810-1 지하1층,8.8,,https://x.com/wouldyougacha,https://map.naver.com/v5/search/%EC%9A%B0%EC%A3%BC%EA%B0%80%EC%B1%A0/place/1270258686?c=127.0258686,37.5036949,15,0,0,0,dh
우주가챠,쇼핑 유통>장난감,,서울특별시 강남구 봉은사로2길 13 지하1층,서울특별시 강남구 역삼동 810-1 지하1층,8.8,,https://x.com/wouldyougacha,https://map.naver.com/v5/search/%EC%9A%B0%EC%A3%BC%EA%B0%80%EC%B1%A0/place/1270258686?c=127.0258686,37.5036949,15,0,0,0,dh
우주가챠,쇼핑 유통>장난감,,서울특별시 강남구 봉은사로2길 13 지하1층,서울특별시 강남구 역삼동 810-1 지하1층,8.8,,https://x.com/wouldyougacha,https://map.naver.com/v5/search/%EC%9A%B0%EC%A3%BC%EA%B0%80%EC%B1%A0/place/1270258686?c=127.0258686,37.5036949,15,0,0,0,dh
우주가챠,쇼핑 유통>장난감,,서울특별시 강남구 봉은사로2길 13 지하1층,서울특별시 강남구 역삼동 810-1 지하1층,8.8,,https://x.com/wouldyougacha,https://map.naver.com/v5/search/%EC%9A%B0%EC%A3%BC%EA%B0%80%EC%B1%A0/place/1270258686?c=127.0258686,37.5036949,15,0,0,0,dh
우주가챠,쇼핑 유통>장난감,,서울특별시 강남구 봉은사로2길 13 지하1층,서울특별시 강남구 역삼동 810-1 지하1층,8.8,,https://x.com/wouldyougacha,https://map.naver.com/v5/search/%EC%9A%B0%EC%A3%BC%EA%B0%80%EC%B1%A0/place/1270258686?c=127.0258686,37.5036949,15,0,0,0,dh
우주가챠,쇼핑 유통>장난감,,서울특별시 강남구 봉은사로2길 13 지하1층,서울특별시 강남구 역삼동 810-1 지하1층,8.8,,https://x.com/wouldyougacha,https://map.naver.com/v5/search/%EC%9A%B0%EC%A3%BC%EA%B0%80%EC%B1%A0/place/1270258686?c=127.0258686,37.5036949,15,0,0,0,dh
우주가챠,쇼핑 유통>장난감,,서울특별시 강남구 봉은사로2길 13 지하1층,서울특별시 강남구 역삼동 810-1 지하1층,8.8,,https://x.com/wouldyougacha,https://map.naver.com/v5/search/%EC%9A%B0%EC%A3%BC%EA%B0%80%EC%B1%A0/place/1270258686?c=127.0258686,37.5036949,15,0,0,0,dh
우주가챠,쇼핑 유통>장난감,,서울특별시 강남구 봉은사로2길 13 지하1층,서울특별시 강남구 역삼동 810-1 지하1층,8.8,,https://x.com/wouldyougacha,https://map.naver.com/v5/search/%EC%9A%B0%EC%A3%BC%EA%B0%80%EC%B1%A0/place/1270258686?c=127.0258686,37.5036949,15,0,0,0,dh
우주가챠,쇼핑 유통>장난감,,서울특별시 강남구 봉은사로2길 13 지하1층,서울특별시 강남구 역삼동 810-1 지하1층,8.8,,https://x.com/wouldyougacha,https://map.naver.com/v5/search/%EC%9A%B0%EC%A3%BC%EA%B0%80%EC%B1%A0/place/1270258686?c=127.0258686,37.5036949,15,0,0,0,dh
우주가챠,쇼핑 유통>장난감,,서울특별시 강남구 봉은사로2길 13 지하1층,서울특별시 강남구 역삼동 810-1 지하1층,8.8,,https://x.com/wouldyougacha,https://map.naver.com/v5/search/%EC%9A%B0%EC%A3%BC%EA%B0%80%EC%B1%A0/place/1270258686?c=127.0258686,37.5036949,15,0,0,0,dh
우주가챠,쇼핑 유통>장난감,,서울특별시 강남구 봉은사로2길 13 지하1층,서울특별시 강남구 역삼동 810-1 지하1층,8.8,,https://x.com/wouldyougacha,https://map.naver.com/v5/search/%EC%9A%B0%EC%A3%BC%EA%B0%80%EC%B1%A0/place/1270258686?c=127.0258686,37.5036949,15,0,0,0,dh
우주가챠,쇼핑 유통>장난감,,서울특별시 강남구 봉은사로2길 13 지하1층,서울특별시 강남구 역삼동 810-1 지하1층,8.8,,https://x.com/wouldyougacha,https://map.naver.com/v5/search/%EC%9A%B0%EC%A3%BC%EA%B0%80%EC%B1%A0/place/1270258686?c=127.0258686,37.5036949,15,0,0,0,dh
우주가챠,쇼핑 유통>장난감,,서울특별시 강남구 봉은사로2길 13 지하1층,서울특별시 강남구 역삼동 810-1 지하1층,8.8,,https://x.com/wouldyougacha,https://map.naver.com/v5/search/%EC%9A%B0%EC%A3%BC%EA%B0%80%EC%B1%A0/place/1270258686?c=127.0258686,37.5036949,15,0,0,0,dh
아이가챠,쇼핑 유통>장난감,,서울특별시 성동구 연무장7가길 6 지하1층,서울특별시 성동구 성수동2가 315-49 지하1층,8.9,,https://www.instagram.com/i.gacha_official,https://map.naver.com/v5/search/%EC%95%84%EC%9D%B4%EA%B0%80%EC%B1%A0/place/1270549945?c=127.0549945,37.5430115,15,0,0,0,dh
아이가챠,쇼핑 유통>장난감,,서울특별시 성동구 연무장7가길 6 지하1층,서울특별시 성동구 성수동2가 315-49 지하1층,8.9,,https://www.instagram.com/i.gacha_official,https://map.naver.com/v5/search/%EC%95%84%EC%9D%B4%EA%B0%80%EC%B1%A0/place/1270549945?c=127.0549945,37.5430115,15,0,0,0,dh
아이가챠,쇼핑 유통>장난감,,서울특별시 성동구 연무장7가길 6 지하1층,서울특별시 성동구 성수동2가 315-49 지하1층,8.9,,https://www.instagram.com/i.gacha_official,https://map.naver.com/v5/search/%EC%95%84%EC%9D%B4%EA%B0%80%EC%B1%A0/place/1270549945?c=127.0549945,37.5430115,15,0,0,0,dh
아이가챠,쇼핑 유통>장난감,,서울특별시 성동구 연무장7가길 6 지하1층,서울특별시 성동구 성수동2가 315-49 지하1층,8.9,,https://www.instagram.com/i.gacha_official,https://map.naver.com/v5/search/%EC%95%84%EC%9D%B4%EA%B0%80%EC%B1%A0/place/1270549945?c=127.0549945,37.5430115,15,0,0,0,dh
아이가챠,쇼핑 유통>장난감,,서울특별시 성동구 연무장7가길 6 지하1층,서울특별시 성동구 성수동2가 315-49 지하1층,8.9,,https://www.instagram.com/i.gacha_official,https://map.naver.com/v5/search/%EC%95%84%EC%9D%B4%EA%B0%80%EC%B1%A0/place/1270549945?c=127.0549945,37.5430115,15,0,0,0,dh
가챠샵,쇼핑 유통>장난감,,서울특별시 동작구 동작대로27가길 46-5 1층,서울특별시 동작구 사당동 144-3 1층,9.0,,,https://map.naver.com/v5/search/%EA%B0%80%EC%B1%A0%EC%83%B5/place/1269807237?c=126.9807237,37.4854848,15,0,0,0,dh
가챠샵,쇼핑 유통>장난감,,서울특별시 동작구 동작대로27가길 46-5 1층,서울특별시 동작구 사당동 144-3 1층,9.0,,,https://map.naver.com/v5/search/%EA%B0%80%EC%B1%A0%EC%83%B5/place/1269807237?c=126.9807237,37.4854848,15,0,0,0,dh
가챠샵,쇼핑 유통>장난감,,서울특별시 동작구 동작대로27가길 46-5 1층,서울특별시 동작구 사당동 144-3 1층,9.0,,,https://map.naver.com/v5/search/%EA%B0%80%EC%B1%A0%EC%83%B5/place/1269807237?c=126.9807237,37.4854848,15,0,0,0,dh
가챠샵,쇼핑 유통>장난감,,서울특별시 동작구 동작대로27가길 46-5 1층,서울특별시 동작구 사당동 144-3 1층,9.0,,,https://map.naver.com/v5/search/%EA%B0%80%EC%B1%A0%EC%83%B5/place/1269807237?c=126.9807237,37.4854848,15,0,0,0,dh
가챠샵,쇼핑 유통>장난감,,서울특별시 동작구 동작대로27가길 46-5 1층,서울특별시 동작구 사당동 144-3 1층,9.0,,,https://map.naver.com/v5/search/%EA%B0%80%EC%B1%A0%EC%83%B5/place/1269807237?c=126.9807237,37.4854848,15,0,0,0,dh
가챠샵,쇼핑 유통>장난감,,서울특별시 동작구 동작대로27가길 46-5 1층,서울특별시 동작구 사당동 144-3 1층,9.0,,,https://map.naver.com/v5/search/%EA%B0%80%EC%B1%A0%EC%83%B5/place/1269807237?c=126.9807237,37.4854848,15,0,0,0,dh
가챠샵,쇼핑 유통>장난감,,서울특별시 동작구 동작대로27가길 46-5 1층,서울특별시 동작구 사당동 144-3 1층,9.0,,,https://map.naver.com/v5/search/%EA%B0%80%EC%B1%A0%EC%83%B5/place/1269807237?c=126.9807237,37.4854848,15,0,0,0,dh
가챠샵,쇼핑 유통>장난감,,서울특별시 동작구 동작대로27가길 46-5 1층,서울특별시 동작구 사당동 144-3 1층,9.0,,,https://map.naver.com/v5/search/%EA%B0%80%EC%B1%A0%EC%83%B5/place/1269807237?c=126.9807237,37.4854848,15,0,0,0,dh
가챠샵,쇼핑 유통>장난감,,서울특별시 동작구 동작대로27가길 46-5 1층,서울특별시 동작구 사당동 144-3 1층,9.0,,,https://map.naver.com/v5/search/%EA%B0%80%EC%B1%A0%EC%83%B5/place/1269807237?c=126.9807237,37.4854848,15,0,0,0,dh
가챠샵,쇼핑 유통>장난감,,서울특별시 동작구 동작대로27가길 46-5 1층,서울특별시 동작구 사당동 144-3 1층,9.0,,,https://map.naver.com/v5/search/%EA%B0%80%EC%B1%A0%EC%83%B5/place/1269807237?c=126.9807237,37.4854848,15,0,0,0,dh
가챠양,쇼핑 유통>장난감,,서울특별시 관악구 관악로16길 41 1층 우측호,서울특별시 관악구 봉천동 1601-11 1층 우측호,10.0,,https://www.instagram.com/gachayang,https://map.naver.com/v5/search/%EA%B0%80%EC%B1%A0%EC%96%91/place/1269549472?c=126.9549472,37.4798256,15,0,0,0,dh
가챠양,쇼핑 유통>장난감,,서울특별시 관악구 관악로16길 41 1층 우측호,서울특별시 관악구 봉천동 1601-11 1층 우측호,10.0,,https://www.instagram.com/gachayang,https://map.naver.com/v5/search/%EA%B0%80%EC%B1%A0%EC%96%91/place/1269549472?c=126.9549472,37.4798256,15,0,0,0,dh
가챠양,쇼핑 유통>장난감,,서울특별시 관악구 관악로16길 41 1층 우측호,서울특별시 관악구 봉천동 1601-11 1층 우측호,10.0,,https://www.instagram.com/gachayang,https://map.naver.com/v5/search/%EA%B0%80%EC%B1%A0%EC%96%91/place/1269549472?c=126.9549472,37.4798256,15,0,0,0,dh
가챠양,쇼핑 유통>장난감,,서울특별시 관악구 관악로16길 41 1층 우측호,서울특별시 관악구 봉천동 1601-11 1층 우측호,10.0,,https://www.instagram.com/gachayang,https://map.naver.com/v5/search/%EA%B0%80%EC%B1%A0%EC%96%91/place/1269549472?c=126.9549472,37.4798256,15,0,0,0,dh
가챠양,쇼핑 유통>장난감,,서울특별시 관악구 관악로16길 41 1층 우측호,서울특별시 관악구 봉천동 1601-11 1층 우측호,10.0,,https://www.instagram.com/gachayang,https://map.naver.com/v5/search/%EA%B0%80%EC%B1%A0%EC%96%91/place/1269549472?c=126.9549472,37.4798256,15,0,0,0,dh
가차샵,사진 스튜디오>셀프 대여스튜디오,,서울특별시 영등포구 영등포동 도림로112길 27-13,서울특별시 영등포구 영등포동 645-38,10.5,,,https://map.naver.com/v5/search/%EA%B0%80%EC%B0%A8%EC%83%B5/place/1269027477?c=126.9027477,37.5101411,15,0,0,0,dh
가차샵,사진 스튜디오>셀프 대여스튜디오,,서울특별시 영등포구 영등포동 도림로112길 27-13,서울특별시 영등포구 영등포동 645-38,10.5,,,https://map.naver.com/v5/search/%EA%B0%80%EC%B0%A8%EC%83%B5/place/1269027477?c=126.9027477,37.5101411,15,0,0,0,dh
가차샵,사진 스튜디오>셀프 대여스튜디오,,서울특별시 영등포구 영등포동 도림로112길 27-13,서울특별시 영등포구 영등포동 645-38,10.5,,,https://map.naver.com/v5/search/%EA%B0%80%EC%B0%A8%EC%83%B5/place/1269027477?c=126.9027477,37.5101411,15,0,0,0,dh
가차샵,사진 스튜디오>셀프 대여스튜디오,,서울특별시 영등포구 영등포동 도림로112길 27-13,서울특별시 영등포구 영등포동 645-38,10.5,,,https://map.naver.com/v5/search/%EA%B0%80%EC%B0%A8%EC%83%B5/place/1269027477?c=126.9027477,37.5101411,15,0,0,0,dh
가차샵,사진 스튜디오>셀프 대여스튜디오,,서울특별시 영등포구 영등포동 도림로112길 27-13,서울특별시 영등포구 영등포동 645-38,10.5,,,https://map.naver.com/v5/search/%EA%B0%80%EC%B0%A8%EC%83%B5/place/1269027477?c=126.9027477,37.5101411,15,0,0,0,dh
프리미엄 와와 가차샵,스포츠 오락>오락실,,서울특별시 광진구 동일로22길 104,서울특별시 광진구 화양동 7-9,10.5,,,https://map.naver.com/v5/search/%ED%94%84%EB%A6%AC%EB%AF%B8%EC%97%84%20%EC%99%80%EC%99%80%20%EA%B0%80%EC%B0%A8%EC%83%B5/place/1270698345?c=127.0698345,37.5407996,15,0,0,0,dh
프리미엄 와와 가차샵,스포츠 오락>오락실,,서울특별시 광진구 동일로22길 104,서울특별시 광진구 화양동 7-9,10.5,,,https://map.naver.com/v5/search/%ED%94%84%EB%A6%AC%EB%AF%B8%EC%97%84%20%EC%99%80%EC%99%80%20%EA%B0%80%EC%B0%A8%EC%83%B5/place/1270698345?c=127.0698345,37.5407996,15,0,0,0,dh
프리미엄 와와 가차샵,스포츠 오락>오락실,,서울특별시 광진구 동일로22길 104,서울특별시 광진구 화양동 7-9,10.5,,,https://map.naver.com/v5/search/%ED%94%84%EB%A6%AC%EB%AF%B8%EC%97%84%20%EC%99%80%EC%99%80%20%EA%B0%80%EC%B0%A8%EC%83%B5/place/1270698345?c=127.0698345,37.5407996,15,0,0,0,dh
프리미엄 와와 가차샵,스포츠 오락>오락실,,서울특별시 광진구 동일로22길 104,서울특별시 광진구 화양동 7-9,10.5,,,https://map.naver.com/v5/search/%ED%94%84%EB%A6%AC%EB%AF%B8%EC%97%84%20%EC%99%80%EC%99%80%20%EA%B0%80%EC%B0%A8%EC%83%B5/place/1270698345?c=127.0698345,37.5407996,15,0,0,0,dh
프리미엄 와와 가차샵,스포츠 오락>오락실,,서울특별시 광진구 동일로22길 104,서울특별시 광진구 화양동 7-9,10.5,,,https://map.naver.com/v5/search/%ED%94%84%EB%A6%AC%EB%AF%B8%EC%97%84%20%EC%99%80%EC%99%80%20%EA%B0%80%EC%B0%A8%EC%83%B5/place/1270698345?c=127.0698345,37.5407996,15,0,0,0,dh
캡슐토이뽑기,스포츠 오락>오락실,,서울특별시 동작구 신대방14길 4,서울특별시 동작구 신대방동 601-26,11.5,,,https://map.naver.com/v5/search/%EC%BA%A1%EC%8A%90%ED%86%A0%EC%9D%B4%EB%BD%91%EA%B8%B0/place/1269099074?c=126.9099074,37.4895242,15,0,0,0,dh
캡슐토이뽑기,스포츠 오락>오락실,,서울특별시 동작구 신대방14길 4,서울특별시 동작구 신대방동 601-26,11.5,,,https://map.naver.com/v5/search/%EC%BA%A1%EC%8A%90%ED%86%A0%EC%9D%B4%EB%BD%91%EA%B8%B0/place/1269099074?c=126.9099074,37.4895242,15,0,0,0,dh
캡슐토이뽑기,스포츠 오락>오락실,,서울특별시 동작구 신대방14길 4,서울특별시 동작구 신대방동 601-26,11.5,,,https://map.naver.com/v5/search/%EC%BA%A1%EC%8A%90%ED%86%A0%EC%9D%B4%EB%BD%91%EA%B8%B0/place/1269099074?c=126.9099074,37.4895242,15,0,0,0,dh
캡슐토이뽑기,스포츠 오락>오락실,,서울특별시 동작구 신대방14길 4,서울특별시 동작구 신대방동 601-26,11.5,,,https://map.naver.com/v5/search/%EC%BA%A1%EC%8A%90%ED%86%A0%EC%9D%B4%EB%BD%91%EA%B8%B0/place/1269099074?c=126.9099074,37.4895242,15,0,0,0,dh
캡슐토이뽑기,스포츠 오락>오락실,,서울특별시 동작구 신대방14길 4,서울특별시 동작구 신대방동 601-26,11.5,,,https://map.naver.com/v5/search/%EC%BA%A1%EC%8A%90%ED%86%A0%EC%9D%B4%EB%BD%91%EA%B8%B0/place/1269099074?c=126.9099074,37.4895242,15,0,0,0,dh
가챠샵 신도림테크노마트점,쇼핑 유통>문구 팬시용품,,서울특별시 구로구 새말로 97 신도림테크노마트 지하1층 39호,서울특별시 구로구 구로동 3-25 신도림테크노마트 지하1층 39호,11.9,,http://blog.naver.com/gachashop_sindorim,https://map.naver.com/v5/search/%EA%B0%80%EC%B1%A0%EC%83%B5%20%EC%8B%A0%EB%8F%84%EB%A6%BC%ED%85%8C%ED%81%AC%EB%85%B8%EB%A7%88%ED%8A%B8%EC%A0%90/place/1268897786?c=126.8897786,37.5070587,15,0,0,0,dh
가챠샵 신도림테크노마트점,쇼핑 유통>문구 팬시용품,,서울특별시 구로구 새말로 97 신도림테크노마트 지하1층 39호,서울특별시 구로구 구로동 3-25 신도림테크노마트 지하1층 39호,11.9,,http://blog.naver.com/gachashop_sindorim,https://map.naver.com/v5/search/%EA%B0%80%EC%B1%A0%EC%83%B5%20%EC%8B%A0%EB%8F%84%EB%A6%BC%ED%85%8C%ED%81%AC%EB%85%B8%EB%A7%88%ED%8A%B8%EC%A0%90/place/1268897786?c=126.8897786,37.5070587,15,0,0,0,dh
가챠샵 신도림테크노마트점,쇼핑 유통>문구 팬시용품,,서울특별시 구로구 새말로 97 신도림테크노마트 지하1층 39호,서울특별시 구로구 구로동 3-25 신도림테크노마트 지하1층 39호,11.9,,http://blog.naver.com/gachashop_sindorim,https://map.naver.com/v5/search/%EA%B0%80%EC%B1%A0%EC%83%B5%20%EC%8B%A0%EB%8F%84%EB%A6%BC%ED%85%8C%ED%81%AC%EB%85%B8%EB%A7%88%ED%8A%B8%EC%A0%90/place/1268897786?c=126.8897786,37.5070587,15,0,0,0,dh
가챠샵 신도림테크노마트점,쇼핑 유통>문구 팬시용품,,서울특별시 구로구 새말로 97 신도림테크노마트 지하1층 39호,서울특별시 구로구 구로동 3-25 신도림테크노마트 지하1층 39호,11.9,,http://blog.naver.com/gachashop_sindorim,https://map.naver.com/v5/search/%EA%B0%80%EC%B1%A0%EC%83%B5%20%EC%8B%A0%EB%8F%84%EB%A6%BC%ED%85%8C%ED%81%AC%EB%85%B8%EB%A7%88%ED%8A%B8%EC%A0%90/place/1268897786?c=126.8897786,37.5070587,15,0,0,0,dh
가챠샵 신도림테크노마트점,쇼핑 유통>문구 팬시용품,,서울특별시 구로구 새말로 97 신도림테크노마트 지하1층 39호,서울특별시 구로구 구로동 3-25 신도림테크노마트 지하1층 39호,11.9,,http://blog.naver.com/gachashop_sindorim,https://map.naver.com/v5/search/%EA%B0%80%EC%B1%A0%EC%83%B5%20%EC%8B%A0%EB%8F%84%EB%A6%BC%ED%85%8C%ED%81%AC%EB%85%B8%EB%A7%88%ED%8A%B8%EC%A0%90/place/1268897786?c=126.8897786,37.5070587,15,0,0,0,dh
가챠샵 신도림테크노마트점,쇼핑 유통>문구 팬시용품,,서울특별시 구로구 새말로 97 신도림테크노마트 지하1층 39호,서울특별시 구로구 구로동 3-25 신도림테크노마트 지하1층 39호,11.9,,http://blog.naver.com/gachashop_sindorim,https://map.naver.com/v5/search/%EA%B0%80%EC%B1%A0%EC%83%B5%20%EC%8B%A0%EB%8F%84%EB%A6%BC%ED%85%8C%ED%81%AC%EB%85%B8%EB%A7%88%ED%8A%B8%EC%A0%90/place/1268897786?c=126.8897786,37.5070587,15,0,0,0,dh
가챠샵 신도림테크노마트점,쇼핑 유통>문구 팬시용품,,서울특별시 구로구 새말로 97 신도림테크노마트 지하1층 39호,서울특별시 구로구 구로동 3-25 신도림테크노마트 지하1층 39호,11.9,,http://blog.naver.com/gachashop_sindorim,https://map.naver.com/v5/search/%EA%B0%80%EC%B1%A0%EC%83%B5%20%EC%8B%A0%EB%8F%84%EB%A6%BC%ED%85%8C%ED%81%AC%EB%85%B8%EB%A7%88%ED%8A%B8%EC%A0%90/place/1268897786?c=126.8897786,37.5070587,15,0,0,0,dh
가챠샵 신도림테크노마트점,쇼핑 유통>문구 팬시용품,,서울특별시 구로구 새말로 97 신도림테크노마트 지하1층 39호,서울특별시 구로구 구로동 3-25 신도림테크노마트 지하1층 39호,11.9,,http://blog.naver.com/gachashop_sindorim,https://map.naver.com/v5/search/%EA%B0%80%EC%B1%A0%EC%83%B5%20%EC%8B%A0%EB%8F%84%EB%A6%BC%ED%85%8C%ED%81%AC%EB%85%B8%EB%A7%88%ED%8A%B8%EC%A0%90/place/1268897786?c=126.8897786,37.5070587,15,0,0,0,dh
가챠샵 신도림테크노마트점,쇼핑 유통>문구 팬시용품,,서울특별시 구로구 새말로 97 신도림테크노마트 지하1층 39호,서울특별시 구로구 구로동 3-25 신도림테크노마트 지하1층 39호,11.9,,http://blog.naver.com/gachashop_sindorim,https://map.naver.com/v5/search/%EA%B0%80%EC%B1%A0%EC%83%B5%20%EC%8B%A0%EB%8F%84%EB%A6%BC%ED%85%8C%ED%81%AC%EB%85%B8%EB%A7%88%ED%8A%B8%EC%A0%90/place/1268897786?c=126.8897786,37.5070587,15,0,0,0,dh
가챠샵 신도림테크노마트점,쇼핑 유통>문구 팬시용품,,서울특별시 구로구 새말로 97 신도림테크노마트 지하1층 39호,서울특별시 구로구 구로동 3-25 신도림테크노마트 지하1층 39호,11.9,,http://blog.naver.com/gachashop_sindorim,https://map.naver.com/v5/search/%EA%B0%80%EC%B1%A0%EC%83%B5%20%EC%8B%A0%EB%8F%84%EB%A6%BC%ED%85%8C%ED%81%AC%EB%85%B8%EB%A7%88%ED%8A%B8%EC%A0%90/place/1268897786?c=126.8897786,37.5070587,15,0,0,0,dh
프리미엄와와가차샵,스포츠 오락>오락실,,서울특별시 중랑구 망우로 316 이지팰리스,서울특별시 중랑구 상봉동 101,12.6,,,https://map.naver.com/v5/search/%ED%94%84%EB%A6%AC%EB%AF%B8%EC%97%84%EC%99%80%EC%99%80%EA%B0%80%EC%B0%A8%EC%83%B5/place/1270877559?c=127.0877559,37.5964187,15,0,0,0,dh
프리미엄와와가차샵,스포츠 오락>오락실,,서울특별시 중랑구 망우로 316 이지팰리스,서울특별시 중랑구 상봉동 101,12.6,,,https://map.naver.com/v5/search/%ED%94%84%EB%A6%AC%EB%AF%B8%EC%97%84%EC%99%80%EC%99%80%EA%B0%80%EC%B0%A8%EC%83%B5/place/1270877559?c=127.0877559,37.5964187,15,0,0,0,dh
프리미엄와와가차샵,스포츠 오락>오락실,,서울특별시 중랑구 망우로 316 이지팰리스,서울특별시 중랑구 상봉동 101,12.6,,,https://map.naver.com/v5/search/%ED%94%84%EB%A6%AC%EB%AF%B8%EC%97%84%EC%99%80%EC%99%80%EA%B0%80%EC%B0%A8%EC%83%B5/place/1270877559?c=127.0877559,37.5964187,15,0,0,0,dh
프리미엄와와가차샵,스포츠 오락>오락실,,서울특별시 중랑구 망우로 316 이지팰리스,서울특별시 중랑구 상봉동 101,12.6,,,https://map.naver.com/v5/search/%ED%94%84%EB%A6%AC%EB%AF%B8%EC%97%84%EC%99%80%EC%99%80%EA%B0%80%EC%B0%A8%EC%83%B5/place/1270877559?c=127.0877559,37.5964187,15,0,0,0,dh
프리미엄와와가차샵,스포츠 오락>오락실,,서울특별시 중랑구 망우로 316 이지팰리스,서울특별시 중랑구 상봉동 101,12.6,,,https://map.naver.com/v5/search/%ED%94%84%EB%A6%AC%EB%AF%B8%EC%97%84%EC%99%80%EC%99%80%EA%B0%80%EC%B0%A8%EC%83%B5/place/1270877559?c=127.0877559,37.5964187,15,0,0,0,dh
가챠샵,쇼핑 유통>장난감,,서울특별시 구로구 디지털로29길 38 101  102호,서울특별시 구로구 구로동 197-48 101  102호,13.2,,https://blog.naver.com/gacha_shop_guro,https://map.naver.com/v5/search/%EA%B0%80%EC%B1%A0%EC%83%B5/place/1268929623?c=126.8929623,37.4843661,15,0,0,0,dh
가챠샵,쇼핑 유통>장난감,,서울특별시 구로구 디지털로29길 38 101  102호,서울특별시 구로구 구로동 197-48 101  102호,13.2,,https://blog.naver.com/gacha_shop_guro,https://map.naver.com/v5/search/%EA%B0%80%EC%B1%A0%EC%83%B5/place/1268929623?c=126.8929623,37.4843661,15,0,0,0,dh
가챠샵,쇼핑 유통>장난감,,서울특별시 구로구 디지털로29길 38 101  102호,서울특별시 구로구 구로동 197-48 101  102호,13.2,,https://blog.naver.com/gacha_shop_guro,https://map.naver.com/v5/search/%EA%B0%80%EC%B1%A0%EC%83%B5/place/1268929623?c=126.8929623,37.4843661,15,0,0,0,dh
가챠샵,쇼핑 유통>장난감,,서울특별시 구로구 디지털로29길 38 101  102호,서울특별시 구로구 구로동 197-48 101  102호,13.2,,https://blog.naver.com/gacha_shop_guro,https://map.naver.com/v5/search/%EA%B0%80%EC%B1%A0%EC%83%B5/place/1268929623?c=126.8929623,37.4843661,15,0,0,0,dh
가챠샵,쇼핑 유통>장난감,,서울특별시 구로구 디지털로29길 38 101  102호,서울특별시 구로구 구로동 197-48 101  102호,13.2,,https://blog.naver.com/gacha_shop_guro,https://map.naver.com/v5/search/%EA%B0%80%EC%B1%A0%EC%83%B5/place/1268929623?c=126.8929623,37.4843661,15,0,0,0,dh
가챠샵,쇼핑 유통>장난감,,서울특별시 구로구 디지털로29길 38 101  102호,서울특별시 구로구 구로동 197-48 101  102호,13.2,,https://blog.naver.com/gacha_shop_guro,https://map.naver.com/v5/search/%EA%B0%80%EC%B1%A0%EC%83%B5/place/1268929623?c=126.8929623,37.4843661,15,0,0,0,dh
가챠샵,쇼핑 유통>장난감,,서울특별시 구로구 디지털로29길 38 101  102호,서울특별시 구로구 구로동 197-48 101  102호,13.2,,https://blog.naver.com/gacha_shop_guro,https://map.naver.com/v5/search/%EA%B0%80%EC%B1%A0%EC%83%B5/place/1268929623?c=126.8929623,37.4843661,15,0,0,0,dh
가챠샵,쇼핑 유통>장난감,,서울특별시 구로구 디지털로29길 38 101  102호,서울특별시 구로구 구로동 197-48 101  102호,13.2,,https://blog.naver.com/gacha_shop_guro,https://map.naver.com/v5/search/%EA%B0%80%EC%B1%A0%EC%83%B5/place/1268929623?c=126.8929623,37.4843661,15,0,0,0,dh
가챠샵,쇼핑 유통>장난감,,서울특별시 구로구 디지털로29길 38 101  102호,서울특별시 구로구 구로동 197-48 101  102호,13.2,,https://blog.naver.com/gacha_shop_guro,https://map.naver.com/v5/search/%EA%B0%80%EC%B1%A0%EC%83%B5/place/1268929623?c=126.8929623,37.4843661,15,0,0,0,dh
가챠샵,쇼핑 유통>장난감,,서울특별시 구로구 디지털로29길 38 101  102호,서울특별시 구로구 구로동 197-48 101  102호,13.2,,https://blog.naver.com/gacha_shop_guro,https://map.naver.com/v5/search/%EA%B0%80%EC%B1%A0%EC%83%B5/place/1268929623?c=126.8929623,37.4843661,15,0,0,0,dh
가챠샵,쇼핑 유통>장난감,,서울특별시 구로구 디지털로29길 38 101  102호,서울특별시 구로구 구로동 197-48 101  102호,13.2,,https://blog.naver.com/gacha_shop_guro,https://map.naver.com/v5/search/%EA%B0%80%EC%B1%A0%EC%83%B5/place/1268929623?c=126.8929623,37.4843661,15,0,0,0,dh
가챠샵,쇼핑 유통>장난감,,서울특별시 구로구 디지털로29길 38 101  102호,서울특별시 구로구 구로동 197-48 101  102호,13.2,,https://blog.naver.com/gacha_shop_guro,https://map.naver.com/v5/search/%EA%B0%80%EC%B1%A0%EC%83%B5/place/1268929623?c=126.8929623,37.4843661,15,0,0,0,dh
가챠샵,쇼핑 유통>장난감,,서울특별시 구로구 디지털로29길 38 101  102호,서울특별시 구로구 구로동 197-48 101  102호,13.2,,https://blog.naver.com/gacha_shop_guro,https://map.naver.com/v5/search/%EA%B0%80%EC%B1%A0%EC%83%B5/place/1268929623?c=126.8929623,37.4843661,15,0,0,0,dh
가챠샵,쇼핑 유통>장난감,,서울특별시 구로구 디지털로29길 38 101  102호,서울특별시 구로구 구로동 197-48 101  102호,13.2,,https://blog.naver.com/gacha_shop_guro,https://map.naver.com/v5/search/%EA%B0%80%EC%B1%A0%EC%83%B5/place/1268929623?c=126.8929623,37.4843661,15,0,0,0,dh
가챠샵,쇼핑 유통>장난감,,서울특별시 구로구 디지털로29길 38 101  102호,서울특별시 구로구 구로동 197-48 101  102호,13.2,,https://blog.naver.com/gacha_shop_guro,https://map.naver.com/v5/search/%EA%B0%80%EC%B1%A0%EC%83%B5/place/1268929623?c=126.8929623,37.4843661,15,0,0,0,dh
가챠샵,쇼핑 유통>장난감,,서울특별시 구로구 디지털로29길 38 101  102호,서울특별시 구로구 구로동 197-48 101  102호,13.2,,https://blog.naver.com/gacha_shop_guro,https://map.naver.com/v5/search/%EA%B0%80%EC%B1%A0%EC%83%B5/place/1268929623?c=126.8929623,37.4843661,15,0,0,0,dh
가챠샵,쇼핑 유통>장난감,,서울특별시 구로구 디지털로29길 38 101  102호,서울특별시 구로구 구로동 197-48 101  102호,13.2,,https://blog.naver.com/gacha_shop_guro,https://map.naver.com/v5/search/%EA%B0%80%EC%B1%A0%EC%83%B5/place/1268929623?c=126.8929623,37.4843661,15,0,0,0,dh
가챠샵,쇼핑 유통>장난감,,서울특별시 구로구 디지털로29길 38 101  102호,서울특별시 구로구 구로동 197-48 101  102호,13.2,,https://blog.naver.com/gacha_shop_guro,https://map.naver.com/v5/search/%EA%B0%80%EC%B1%A0%EC%83%B5/place/1268929623?c=126.8929623,37.4843661,15,0,0,0,dh
가챠샵,쇼핑 유통>장난감,,서울특별시 구로구 디지털로29길 38 101  102호,서울특별시 구로구 구로동 197-48 101  102호,13.2,,https://blog.naver.com/gacha_shop_guro,https://map.naver.com/v5/search/%EA%B0%80%EC%B1%A0%EC%83%B5/place/1268929623?c=126.8929623,37.4843661,15,0,0,0,dh
가챠샵,쇼핑 유통>장난감,,서울특별시 구로구 디지털로29길 38 101  102호,서울특별시 구로구 구로동 197-48 101  102호,13.2,,https://blog.naver.com/gacha_shop_guro,https://map.naver.com/v5/search/%EA%B0%80%EC%B1%A0%EC%83%B5/place/1268929623?c=126.8929623,37.4843661,15,0,0,0,dh
오늘은가챠,쇼핑 유통>장난감,,경기도 성남시 수정구 복정로 66 102호,경기도 성남시 수정구 복정동 686-3 102호,20.4,,,https://map.naver.com/v5/search/%EC%98%A4%EB%8A%98%EC%9D%80%EA%B0%80%EC%B1%A0/place/1271268330?c=127.126833,37.4587977,15,0,0,0,dh
오늘은가챠,쇼핑 유통>장난감,,경기도 성남시 수정구 복정로 66 102호,경기도 성남시 수정구 복정동 686-3 102호,20.4,,,https://map.naver.com/v5/search/%EC%98%A4%EB%8A%98%EC%9D%80%EA%B0%80%EC%B1%A0/place/1271268330?c=127.126833,37.4587977,15,0,0,0,dh
오늘은가챠,쇼핑 유통>장난감,,경기도 성남시 수정구 복정로 66 102호,경기도 성남시 수정구 복정동 686-3 102호,20.4,,,https://map.naver.com/v5/search/%EC%98%A4%EB%8A%98%EC%9D%80%EA%B0%80%EC%B1%A0/place/1271268330?c=127.126833,37.4587977,15,0,0,0,dh
오늘은가챠,쇼핑 유통>장난감,,경기도 성남시 수정구 복정로 66 102호,경기도 성남시 수정구 복정동 686-3 102호,20.4,,,https://map.naver.com/v5/search/%EC%98%A4%EB%8A%98%EC%9D%80%EA%B0%80%EC%B1%A0/place/1271268330?c=127.126833,37.4587977,15,0,0,0,dh
오늘은가챠,쇼핑 유통>장난감,,경기도 성남시 수정구 복정로 66 102호,경기도 성남시 수정구 복정동 686-3 102호,20.4,,,https://map.naver.com/v5/search/%EC%98%A4%EB%8A%98%EC%9D%80%EA%B0%80%EC%B1%A0/place/1271268330?c=127.126833,37.4587977,15,0,0,0,dh
캡슐토이 하하가챠,쇼핑 유통>장난감,,경기도 군포시 산본로323번길 16-12 센타빌딩 B동 2층 캡슐토이 하하가챠,경기도 군포시 산본동 1134-1 센타빌딩 B동 2층 캡슐토이 하하가챠,23.6,,,https://map.naver.com/v5/search/%EC%BA%A1%EC%8A%90%ED%86%A0%EC%9D%B4%20%ED%95%98%ED%95%98%EA%B0%80%EC%B1%A0/place/1269322150?c=126.932215,37.3594733,15,0,0,0,dh
캡슐토이 하하가챠,쇼핑 유통>장난감,,경기도 군포시 산본로323번길 16-12 센타빌딩 B동 2층 캡슐토이 하하가챠,경기도 군포시 산본동 1134-1 센타빌딩 B동 2층 캡슐토이 하하가챠,23.6,,,https://map.naver.com/v5/search/%EC%BA%A1%EC%8A%90%ED%86%A0%EC%9D%B4%20%ED%95%98%ED%95%98%EA%B0%80%EC%B1%A0/place/1269322150?c=126.932215,37.3594733,15,0,0,0,dh
캡슐토이 하하가챠,쇼핑 유통>장난감,,경기도 군포시 산본로323번길 16-12 센타빌딩 B동 2층 캡슐토이 하하가챠,경기도 군포시 산본동 1134-1 센타빌딩 B동 2층 캡슐토이 하하가챠,23.6,,,https://map.naver.com/v5/search/%EC%BA%A1%EC%8A%90%ED%86%A0%EC%9D%B4%20%ED%95%98%ED%95%98%EA%B0%80%EC%B1%A0/place/1269322150?c=126.932215,37.3594733,15,0,0,0,dh
캡슐토이 하하가챠,쇼핑 유통>장난감,,경기도 군포시 산본로323번길 16-12 센타빌딩 B동 2층 캡슐토이 하하가챠,경기도 군포시 산본동 1134-1 센타빌딩 B동 2층 캡슐토이 하하가챠,23.6,,,https://map.naver.com/v5/search/%EC%BA%A1%EC%8A%90%ED%86%A0%EC%9D%B4%20%ED%95%98%ED%95%98%EA%B0%80%EC%B1%A0/place/1269322150?c=126.932215,37.3594733,15,0,0,0,dh
캡슐토이 하하가챠,쇼핑 유통>장난감,,경기도 군포시 산본로323번길 16-12 센타빌딩 B동 2층 캡슐토이 하하가챠,경기도 군포시 산본동 1134-1 센타빌딩 B동 2층 캡슐토이 하하가챠,23.6,,,https://map.naver.com/v5/search/%EC%BA%A1%EC%8A%90%ED%86%A0%EC%9D%B4%20%ED%95%98%ED%95%98%EA%B0%80%EC%B1%A0/place/1269322150?c=126.932215,37.3594733,15,0,0,0,dh
캡슐토이 하하가챠,쇼핑 유통>장난감,,경기도 군포시 산본로323번길 16-12 센타빌딩 B동 2층 캡슐토이 하하가챠,경기도 군포시 산본동 1134-1 센타빌딩 B동 2층 캡슐토이 하하가챠,23.6,,,https://map.naver.com/v5/search/%EC%BA%A1%EC%8A%90%ED%86%A0%EC%9D%B4%20%ED%95%98%ED%95%98%EA%B0%80%EC%B1%A0/place/1269322150?c=126.932215,37.3594733,15,0,0,0,dh
캡슐토이 하하가챠,쇼핑 유통>장난감,,경기도 군포시 산본로323번길 16-12 센타빌딩 B동 2층 캡슐토이 하하가챠,경기도 군포시 산본동 1134-1 센타빌딩 B동 2층 캡슐토이 하하가챠,23.6,,,https://map.naver.com/v5/search/%EC%BA%A1%EC%8A%90%ED%86%A0%EC%9D%B4%20%ED%95%98%ED%95%98%EA%B0%80%EC%B1%A0/place/1269322150?c=126.932215,37.3594733,15,0,0,0,dh
캡슐토이 하하가챠,쇼핑 유통>장난감,,경기도 군포시 산본로323번길 16-12 센타빌딩 B동 2층 캡슐토이 하하가챠,경기도 군포시 산본동 1134-1 센타빌딩 B동 2층 캡슐토이 하하가챠,23.6,,,https://map.naver.com/v5/search/%EC%BA%A1%EC%8A%90%ED%86%A0%EC%9D%B4%20%ED%95%98%ED%95%98%EA%B0%80%EC%B1%A0/place/1269322150?c=126.932215,37.3594733,15,0,0,0,dh
캡슐토이 하하가챠,쇼핑 유통>장난감,,경기도 군포시 산본로323번길 16-12 센타빌딩 B동 2층 캡슐토이 하하가챠,경기도 군포시 산본동 1134-1 센타빌딩 B동 2층 캡슐토이 하하가챠,23.6,,,https://map.naver.com/v5/search/%EC%BA%A1%EC%8A%90%ED%86%A0%EC%9D%B4%20%ED%95%98%ED%95%98%EA%B0%80%EC%B1%A0/place/1269322150?c=126.932215,37.3594733,15,0,0,0,dh
캡슐토이 하하가챠,쇼핑 유통>장난감,,경기도 군포시 산본로323번길 16-12 센타빌딩 B동 2층 캡슐토이 하하가챠,경기도 군포시 산본동 1134-1 센타빌딩 B동 2층 캡슐토이 하하가챠,23.6,,,https://map.naver.com/v5/search/%EC%BA%A1%EC%8A%90%ED%86%A0%EC%9D%B4%20%ED%95%98%ED%95%98%EA%B0%80%EC%B1%A0/place/1269322150?c=126.932215,37.3594733,15,0,0,0,dh
캡슐토이 하하가챠,쇼핑 유통>장난감,,경기도 군포시 산본로323번길 16-12 센타빌딩 B동 2층 캡슐토이 하하가챠,경기도 군포시 산본동 1134-1 센타빌딩 B동 2층 캡슐토이 하하가챠,23.6,,,https://map.naver.com/v5/search/%EC%BA%A1%EC%8A%90%ED%86%A0%EC%9D%B4%20%ED%95%98%ED%95%98%EA%B0%80%EC%B1%A0/place/1269322150?c=126.932215,37.3594733,15,0,0,0,dh
캡슐토이 하하가챠,쇼핑 유통>장난감,,경기도 군포시 산본로323번길 16-12 센타빌딩 B동 2층 캡슐토이 하하가챠,경기도 군포시 산본동 1134-1 센타빌딩 B동 2층 캡슐토이 하하가챠,23.6,,,https://map.naver.com/v5/search/%EC%BA%A1%EC%8A%90%ED%86%A0%EC%9D%B4%20%ED%95%98%ED%95%98%EA%B0%80%EC%B1%A0/place/1269322150?c=126.932215,37.3594733,15,0,0,0,dh
캡슐토이 하하가챠,쇼핑 유통>장난감,,경기도 군포시 산본로323번길 16-12 센타빌딩 B동 2층 캡슐토이 하하가챠,경기도 군포시 산본동 1134-1 센타빌딩 B동 2층 캡슐토이 하하가챠,23.6,,,https://map.naver.com/v5/search/%EC%BA%A1%EC%8A%90%ED%86%A0%EC%9D%B4%20%ED%95%98%ED%95%98%EA%B0%80%EC%B1%A0/place/1269322150?c=126.932215,37.3594733,15,0,0,0,dh
캡슐토이 하하가챠,쇼핑 유통>장난감,,경기도 군포시 산본로323번길 16-12 센타빌딩 B동 2층 캡슐토이 하하가챠,경기도 군포시 산본동 1134-1 센타빌딩 B동 2층 캡슐토이 하하가챠,23.6,,,https://map.naver.com/v5/search/%EC%BA%A1%EC%8A%90%ED%86%A0%EC%9D%B4%20%ED%95%98%ED%95%98%EA%B0%80%EC%B1%A0/place/1269322150?c=126.932215,37.3594733,15,0,0,0,dh
캡슐토이 하하가챠,쇼핑 유통>장난감,,경기도 군포시 산본로323번길 16-12 센타빌딩 B동 2층 캡슐토이 하하가챠,경기도 군포시 산본동 1134-1 센타빌딩 B동 2층 캡슐토이 하하가챠,23.6,,,https://map.naver.com/v5/search/%EC%BA%A1%EC%8A%90%ED%86%A0%EC%9D%B4%20%ED%95%98%ED%95%98%EA%B0%80%EC%B1%A0/place/1269322150?c=126.932215,37.3594733,15,0,0,0,dh
캡슐토이 하하가챠,쇼핑 유통>장난감,,경기도 군포시 산본로323번길 16-12 센타빌딩 B동 2층 캡슐토이 하하가챠,경기도 군포시 산본동 1134-1 센타빌딩 B동 2층 캡슐토이 하하가챠,23.6,,,https://map.naver.com/v5/search/%EC%BA%A1%EC%8A%90%ED%86%A0%EC%9D%B4%20%ED%95%98%ED%95%98%EA%B0%80%EC%B1%A0/place/1269322150?c=126.932215,37.3594733,15,0,0,0,dh
캡슐토이 하하가챠,쇼핑 유통>장난감,,경기도 군포시 산본로323번길 16-12 센타빌딩 B동 2층 캡슐토이 하하가챠,경기도 군포시 산본동 1134-1 센타빌딩 B동 2층 캡슐토이 하하가챠,23.6,,,https://map.naver.com/v5/search/%EC%BA%A1%EC%8A%90%ED%86%A0%EC%9D%B4%20%ED%95%98%ED%95%98%EA%B0%80%EC%B1%A0/place/1269322150?c=126.932215,37.3594733,15,0,0,0,dh
캡슐토이 하하가챠,쇼핑 유통>장난감,,경기도 군포시 산본로323번길 16-12 센타빌딩 B동 2층 캡슐토이 하하가챠,경기도 군포시 산본동 1134-1 센타빌딩 B동 2층 캡슐토이 하하가챠,23.6,,,https://map.naver.com/v5/search/%EC%BA%A1%EC%8A%90%ED%86%A0%EC%9D%B4%20%ED%95%98%ED%95%98%EA%B0%80%EC%B1%A0/place/1269322150?c=126.932215,37.3594733,15,0,0,0,dh
캡슐토이 하하가챠,쇼핑 유통>장난감,,경기도 군포시 산본로323번길 16-12 센타빌딩 B동 2층 캡슐토이 하하가챠,경기도 군포시 산본동 1134-1 센타빌딩 B동 2층 캡슐토이 하하가챠,23.6,,,https://map.naver.com/v5/search/%EC%BA%A1%EC%8A%90%ED%86%A0%EC%9D%B4%20%ED%95%98%ED%95%98%EA%B0%80%EC%B1%A0/place/1269322150?c=126.932215,37.3594733,15,0,0,0,dh
캡슐토이 하하가챠,쇼핑 유통>장난감,,경기도 군포시 산본로323번길 16-12 센타빌딩 B동 2층 캡슐토이 하하가챠,경기도 군포시 산본동 1134-1 센타빌딩 B동 2층 캡슐토이 하하가챠,23.6,,,https://map.naver.com/v5/search/%EC%BA%A1%EC%8A%90%ED%86%A0%EC%9D%B4%20%ED%95%98%ED%95%98%EA%B0%80%EC%B1%A0/place/1269322150?c=126.932215,37.3594733,15,0,0,0,dh
프리미엄 와와 가차샵,스포츠 오락>오락실,,경기도 안산시 상록구 샘골로 183,경기도 안산시 상록구 본오동 879-3,32.2,,,https://map.naver.com/v5/search/%ED%94%84%EB%A6%AC%EB%AF%B8%EC%97%84%20%EC%99%80%EC%99%80%20%EA%B0%80%EC%B0%A8%EC%83%B5/place/1268631513?c=126.8631513,37.3002671,15,0,0,0,dh
프리미엄 와와 가차샵,스포츠 오락>오락실,,경기도 안산시 상록구 샘골로 183,경기도 안산시 상록구 본오동 879-3,32.2,,,https://map.naver.com/v5/search/%ED%94%84%EB%A6%AC%EB%AF%B8%EC%97%84%20%EC%99%80%EC%99%80%20%EA%B0%80%EC%B0%A8%EC%83%B5/place/1268631513?c=126.8631513,37.3002671,15,0,0,0,dh
프리미엄 와와 가차샵,스포츠 오락>오락실,,경기도 안산시 상록구 샘골로 183,경기도 안산시 상록구 본오동 879-3,32.2,,,https://map.naver.com/v5/search/%ED%94%84%EB%A6%AC%EB%AF%B8%EC%97%84%20%EC%99%80%EC%99%80%20%EA%B0%80%EC%B0%A8%EC%83%B5/place/1268631513?c=126.8631513,37.3002671,15,0,0,0,dh
프리미엄 와와 가차샵,스포츠 오락>오락실,,경기도 안산시 상록구 샘골로 183,경기도 안산시 상록구 본오동 879-3,32.2,,,https://map.naver.com/v5/search/%ED%94%84%EB%A6%AC%EB%AF%B8%EC%97%84%20%EC%99%80%EC%99%80%20%EA%B0%80%EC%B0%A8%EC%83%B5/place/1268631513?c=126.8631513,37.3002671,15,0,0,0,dh
프리미엄 와와 가차샵,스포츠 오락>오락실,,경기도 안산시 상록구 샘골로 183,경기도 안산시 상록구 본오동 879-3,32.2,,,https://map.naver.com/v5/search/%ED%94%84%EB%A6%AC%EB%AF%B8%EC%97%84%20%EC%99%80%EC%99%80%20%EA%B0%80%EC%B0%A8%EC%83%B5/place/1268631513?c=126.8631513,37.3002671,15,0,0,0,dh
가차샵,기타,,경기도 김포시 김포한강2로 41,경기도 김포시 장기동 2031 캐널시티상가 1층 B18호,34.4,,,https://map.naver.com/v5/search/%EA%B0%80%EC%B0%A8%EC%83%B5/place/1266777227?c=126.6777227,37.640489,15,0,0,0,dh
가차샵,기타,,경기도 김포시 김포한강2로 41,경기도 김포시 장기동 2031 캐널시티상가 1층 B18호,34.4,,,https://map.naver.com/v5/search/%EA%B0%80%EC%B0%A8%EC%83%B5/place/1266777227?c=126.6777227,37.640489,15,0,0,0,dh
가차샵,기타,,경기도 김포시 김포한강2로 41,경기도 김포시 장기동 2031 캐널시티상가 1층 B18호,34.4,,,https://map.naver.com/v5/search/%EA%B0%80%EC%B0%A8%EC%83%B5/place/1266777227?c=126.6777227,37.640489,15,0,0,0,dh
가차샵,기타,,경기도 김포시 김포한강2로 41,경기도 김포시 장기동 2031 캐널시티상가 1층 B18호,34.4,,,https://map.naver.com/v5/search/%EA%B0%80%EC%B0%A8%EC%83%B5/place/1266777227?c=126.6777227,37.640489,15,0,0,0,dh
가차샵,기타,,경기도 김포시 김포한강2로 41,경기도 김포시 장기동 2031 캐널시티상가 1층 B18호,34.4,,,https://map.naver.com/v5/search/%EA%B0%80%EC%B0%A8%EC%83%B5/place/1266777227?c=126.6777227,37.640489,15,0,0,0,dh
프리미엄 와와 가차샵,스포츠 오락>오락실,,경기도 김포시 김포한강1로51번길 18,경기도 김포시 장기동 1620,35.5,,,https://map.naver.com/v5/search/%ED%94%84%EB%A6%AC%EB%AF%B8%EC%97%84%20%EC%99%80%EC%99%80%20%EA%B0%80%EC%B0%A8%EC%83%B5/place/1266677246?c=126.6677246,37.6439614,15,0,0,0,dh
프리미엄 와와 가차샵,스포츠 오락>오락실,,경기도 김포시 김포한강1로51번길 18,경기도 김포시 장기동 1620,35.5,,,https://map.naver.com/v5/search/%ED%94%84%EB%A6%AC%EB%AF%B8%EC%97%84%20%EC%99%80%EC%99%80%20%EA%B0%80%EC%B0%A8%EC%83%B5/place/1266677246?c=126.6677246,37.6439614,15,0,0,0,dh
프리미엄 와와 가차샵,스포츠 오락>오락실,,경기도 김포시 김포한강1로51번길 18,경기도 김포시 장기동 1620,35.5,,,https://map.naver.com/v5/search/%ED%94%84%EB%A6%AC%EB%AF%B8%EC%97%84%20%EC%99%80%EC%99%80%20%EA%B0%80%EC%B0%A8%EC%83%B5/place/1266677246?c=126.6677246,37.6439614,15,0,0,0,dh
프리미엄 와와 가차샵,스포츠 오락>오락실,,경기도 김포시 김포한강1로51번길 18,경기도 김포시 장기동 1620,35.5,,,https://map.naver.com/v5/search/%ED%94%84%EB%A6%AC%EB%AF%B8%EC%97%84%20%EC%99%80%EC%99%80%20%EA%B0%80%EC%B0%A8%EC%83%B5/place/1266677246?c=126.6677246,37.6439614,15,0,0,0,dh
프리미엄 와와 가차샵,스포츠 오락>오락실,,경기도 김포시 김포한강1로51번길 18,경기도 김포시 장기동 1620,35.5,,,https://map.naver.com/v5/search/%ED%94%84%EB%A6%AC%EB%AF%B8%EC%97%84%20%EC%99%80%EC%99%80%20%EA%B0%80%EC%B0%A8%EC%83%B5/place/1266677246?c=126.6677246,37.6439614,15,0,0,0,dh
코코게임가차샵,스포츠 오락>오락시설,,인천광역시 미추홀구 인하로77번길 27,인천광역시 미추홀구 용현동 195-15,37.8,,,https://map.naver.com/v5/search/%EC%BD%94%EC%BD%94%EA%B2%8C%EC%9E%84%EA%B0%80%EC%B0%A8%EC%83%B5/place/1266574453?c=126.6574453,37.4524192,15,0,0,0,dh
코코게임가차샵,스포츠 오락>오락시설,,인천광역시 미추홀구 인하로77번길 27,인천광역시 미추홀구 용현동 195-15,37.8,,,https://map.naver.com/v5/search/%EC%BD%94%EC%BD%94%EA%B2%8C%EC%9E%84%EA%B0%80%EC%B0%A8%EC%83%B5/place/1266574453?c=126.6574453,37.4524192,15,0,0,0,dh
코코게임가차샵,스포츠 오락>오락시설,,인천광역시 미추홀구 인하로77번길 27,인천광역시 미추홀구 용현동 195-15,37.8,,,https://map.naver.com/v5/search/%EC%BD%94%EC%BD%94%EA%B2%8C%EC%9E%84%EA%B0%80%EC%B0%A8%EC%83%B5/place/1266574453?c=126.6574453,37.4524192,15,0,0,0,dh
코코게임가차샵,스포츠 오락>오락시설,,인천광역시 미추홀구 인하로77번길 27,인천광역시 미추홀구 용현동 195-15,37.8,,,https://map.naver.com/v5/search/%EC%BD%94%EC%BD%94%EA%B2%8C%EC%9E%84%EA%B0%80%EC%B0%A8%EC%83%B5/place/1266574453?c=126.6574453,37.4524192,15,0,0,0,dh
코코게임가차샵,스포츠 오락>오락시설,,인천광역시 미추홀구 인하로77번길 27,인천광역시 미추홀구 용현동 195-15,37.8,,,https://map.naver.com/v5/search/%EC%BD%94%EC%BD%94%EA%B2%8C%EC%9E%84%EA%B0%80%EC%B0%A8%EC%83%B5/place/1266574453?c=126.6574453,37.4524192,15,0,0,0,dh
플레이가챠,쇼핑 유통>종합도소매,,경기도 화성시 효행로 1062 1층 101-1호,경기도 화성시 병점동 844-4 1층 101-1호,39.7,,,https://map.naver.com/v5/search/%ED%94%8C%EB%A0%88%EC%9D%B4%EA%B0%80%EC%B1%A0/place/1270434597?c=127.0434597,37.2145305,15,0,0,0,dh
플레이가챠,쇼핑 유통>종합도소매,,경기도 화성시 효행로 1062 1층 101-1호,경기도 화성시 병점동 844-4 1층 101-1호,39.7,,,https://map.naver.com/v5/search/%ED%94%8C%EB%A0%88%EC%9D%B4%EA%B0%80%EC%B1%A0/place/1270434597?c=127.0434597,37.2145305,15,0,0,0,dh
플레이가챠,쇼핑 유통>종합도소매,,경기도 화성시 효행로 1062 1층 101-1호,경기도 화성시 병점동 844-4 1층 101-1호,39.7,,,https://map.naver.com/v5/search/%ED%94%8C%EB%A0%88%EC%9D%B4%EA%B0%80%EC%B1%A0/place/1270434597?c=127.0434597,37.2145305,15,0,0,0,dh
플레이가챠,쇼핑 유통>종합도소매,,경기도 화성시 효행로 1062 1층 101-1호,경기도 화성시 병점동 844-4 1층 101-1호,39.7,,,https://map.naver.com/v5/search/%ED%94%8C%EB%A0%88%EC%9D%B4%EA%B0%80%EC%B1%A0/place/1270434597?c=127.0434597,37.2145305,15,0,0,0,dh
플레이가챠,쇼핑 유통>종합도소매,,경기도 화성시 효행로 1062 1층 101-1호,경기도 화성시 병점동 844-4 1층 101-1호,39.7,,,https://map.naver.com/v5/search/%ED%94%8C%EB%A0%88%EC%9D%B4%EA%B0%80%EC%B1%A0/place/1270434597?c=127.0434597,37.2145305,15,0,0,0,dh
플레이캡슐토이,제조업>영상게임기제조,,충청남도 아산시 염치읍 방현동길 75-21,충청남도 아산시 염치읍 방현리 181-2,83.0,,https://smartstore.naver.com/fun_n_joy,https://map.naver.com/v5/search/%ED%94%8C%EB%A0%88%EC%9D%B4%EC%BA%A1%EC%8A%90%ED%86%A0%EC%9D%B4/place/1270157405?c=127.0157405,36.8194293,15,0,0,0,dh
플레이캡슐토이,제조업>영상게임기제조,,충청남도 아산시 염치읍 방현동길 75-21,충청남도 아산시 염치읍 방현리 181-2,83.0,,https://smartstore.naver.com/fun_n_joy,https://map.naver.com/v5/search/%ED%94%8C%EB%A0%88%EC%9D%B4%EC%BA%A1%EC%8A%90%ED%86%A0%EC%9D%B4/place/1270157405?c=127.0157405,36.8194293,15,0,0,0,dh
플레이캡슐토이,제조업>영상게임기제조,,충청남도 아산시 염치읍 방현동길 75-21,충청남도 아산시 염치읍 방현리 181-2,83.0,,https://smartstore.naver.com/fun_n_joy,https://map.naver.com/v5/search/%ED%94%8C%EB%A0%88%EC%9D%B4%EC%BA%A1%EC%8A%90%ED%86%A0%EC%9D%B4/place/1270157405?c=127.0157405,36.8194293,15,0,0,0,dh
플레이캡슐토이,제조업>영상게임기제조,,충청남도 아산시 염치읍 방현동길 75-21,충청남도 아산시 염치읍 방현리 181-2,83.0,,https://smartstore.naver.com/fun_n_joy,https://map.naver.com/v5/search/%ED%94%8C%EB%A0%88%EC%9D%B4%EC%BA%A1%EC%8A%90%ED%86%A0%EC%9D%B4/place/1270157405?c=127.0157405,36.8194293,15,0,0,0,dh
플레이캡슐토이,제조업>영상게임기제조,,충청남도 아산시 염치읍 방현동길 75-21,충청남도 아산시 염치읍 방현리 181-2,83.0,,https://smartstore.naver.com/fun_n_joy,https://map.naver.com/v5/search/%ED%94%8C%EB%A0%88%EC%9D%B4%EC%BA%A1%EC%8A%90%ED%86%A0%EC%9D%B4/place/1270157405?c=127.0157405,36.8194293,15,0,0,0,dh
나이스토이,쇼핑 유통>장난감,,강원특별자치도 원주시 시청로 82 2층 나이스토이,강원특별자치도 원주시 무실동 1641-9 2층 나이스토이,108.4,,https://blog.naver.com/nicetoyz,https://map.naver.com/v5/search/%EB%82%98%EC%9D%B4%EC%8A%A4%ED%86%A0%EC%9D%B4/place/1279277371?c=127.9277371,37.3365896,15,0,0,0,dh
나이스토이,쇼핑 유통>장난감,,강원특별자치도 원주시 시청로 82 2층 나이스토이,강원특별자치도 원주시 무실동 1641-9 2층 나이스토이,108.4,,https://blog.naver.com/nicetoyz,https://map.naver.com/v5/search/%EB%82%98%EC%9D%B4%EC%8A%A4%ED%86%A0%EC%9D%B4/place/1279277371?c=127.9277371,37.3365896,15,0,0,0,dh
나이스토이,쇼핑 유통>장난감,,강원특별자치도 원주시 시청로 82 2층 나이스토이,강원특별자치도 원주시 무실동 1641-9 2층 나이스토이,108.4,,https://blog.naver.com/nicetoyz,https://map.naver.com/v5/search/%EB%82%98%EC%9D%B4%EC%8A%A4%ED%86%A0%EC%9D%B4/place/1279277371?c=127.9277371,37.3365896,15,0,0,0,dh
나이스토이,쇼핑 유통>장난감,,강원특별자치도 원주시 시청로 82 2층 나이스토이,강원특별자치도 원주시 무실동 1641-9 2층 나이스토이,108.4,,https://blog.naver.com/nicetoyz,https://map.naver.com/v5/search/%EB%82%98%EC%9D%B4%EC%8A%A4%ED%86%A0%EC%9D%B4/place/1279277371?c=127.9277371,37.3365896,15,0,0,0,dh
나이스토이,쇼핑 유통>장난감,,강원특별자치도 원주시 시청로 82 2층 나이스토이,강원특별자치도 원주시 무실동 1641-9 2층 나이스토이,108.4,,https://blog.naver.com/nicetoyz,https://map.naver.com/v5/search/%EB%82%98%EC%9D%B4%EC%8A%A4%ED%86%A0%EC%9D%B4/place/1279277371?c=127.9277371,37.3365896,15,0,0,0,dh
가챠샵 순천점,제조업>장난감 오락용품제조,,전라남도 순천시 중앙로 240 지하1층,전라남도 순천시 석현동 99-1 지하1층,294.0,,,https://map.naver.com/v5/search/%EA%B0%80%EC%B1%A0%EC%83%B5%20%EC%88%9C%EC%B2%9C%EC%A0%90/place/1274847099?c=127.4847099,34.9671899,15,0,0,0,dh
가챠샵 순천점,제조업>장난감 오락용품제조,,전라남도 순천시 중앙로 240 지하1층,전라남도 순천시 석현동 99-1 지하1층,294.0,,,https://map.naver.com/v5/search/%EA%B0%80%EC%B1%A0%EC%83%B5%20%EC%88%9C%EC%B2%9C%EC%A0%90/place/1274847099?c=127.4847099,34.9671899,15,0,0,0,dh
가챠샵 순천점,제조업>장난감 오락용품제조,,전라남도 순천시 중앙로 240 지하1층,전라남도 순천시 석현동 99-1 지하1층,294.0,,,https://map.naver.com/v5/search/%EA%B0%80%EC%B1%A0%EC%83%B5%20%EC%88%9C%EC%B2%9C%EC%A0%90/place/1274847099?c=127.4847099,34.9671899,15,0,0,0,dh
가챠샵 순천점,제조업>장난감 오락용품제조,,전라남도 순천시 중앙로 240 지하1층,전라남도 순천시 석현동 99-1 지하1층,294.0,,,https://map.naver.com/v5/search/%EA%B0%80%EC%B1%A0%EC%83%B5%20%EC%88%9C%EC%B2%9C%EC%A0%90/place/1274847099?c=127.4847099,34.9671899,15,0,0,0,dh
가챠샵 순천점,제조업>장난감 오락용품제조,,전라남도 순천시 중앙로 240 지하1층,전라남도 순천시 석현동 99-1 지하1층,294.0,,,https://map.naver.com/v5/search/%EA%B0%80%EC%B1%A0%EC%83%B5%20%EC%88%9C%EC%B2%9C%EC%A0%90/place/1274847099?c=127.4847099,34.9671899,15,0,0,0,dh
가챠샵 순천점,제조업>장난감 오락용품제조,,전라남도 순천시 중앙로 240 지하1층,전라남도 순천시 석현동 99-1 지하1층,294.0,,,https://map.naver.com/v5/search/%EA%B0%80%EC%B1%A0%EC%83%B5%20%EC%88%9C%EC%B2%9C%EC%A0%90/place/1274847099?c=127.4847099,34.9671899,15,0,0,0,dh
가챠샵 순천점,제조업>장난감 오락용품제조,,전라남도 순천시 중앙로 240 지하1층,전라남도 순천시 석현동 99-1 지하1층,294.0,,,https://map.naver.com/v5/search/%EA%B0%80%EC%B1%A0%EC%83%B5%20%EC%88%9C%EC%B2%9C%EC%A0%90/place/1274847099?c=127.4847099,34.9671899,15,0,0,0,dh
가챠샵 순천점,제조업>장난감 오락용품제조,,전라남도 순천시 중앙로 240 지하1층,전라남도 순천시 석현동 99-1 지하1층,294.0,,,https://map.naver.com/v5/search/%EA%B0%80%EC%B1%A0%EC%83%B5%20%EC%88%9C%EC%B2%9C%EC%A0%90/place/1274847099?c=127.4847099,34.9671899,15,0,0,0,dh
가챠샵 순천점,제조업>장난감 오락용품제조,,전라남도 순천시 중앙로 240 지하1층,전라남도 순천시 석현동 99-1 지하1층,294.0,,,https://map.naver.com/v5/search/%EA%B0%80%EC%B1%A0%EC%83%B5%20%EC%88%9C%EC%B2%9C%EC%A0%90/place/1274847099?c=127.4847099,34.9671899,15,0,0,0,dh
가챠샵 순천점,제조업>장난감 오락용품제조,,전라남도 순천시 중앙로 240 지하1층,전라남도 순천시 석현동 99-1 지하1층,294.0,,,https://map.naver.com/v5/search/%EA%B0%80%EC%B1%A0%EC%83%B5%20%EC%88%9C%EC%B2%9C%EC%A0%90/place/1274847099?c=127.4847099,34.9671899,15,0,0,0,dh
캡슐토이샵,쇼핑 유통>장난감,,경상북도 포항시 북구 중앙상가2길 20,경상북도 포항시 북구 남빈동 520-4,314.6,,http://gachashopohang.modoo.at,https://map.naver.com/v5/search/%EC%BA%A1%EC%8A%90%ED%86%A0%EC%9D%B4%EC%83%B5/place/1293642691?c=129.3642691,36.0364331,15,0,0,0,dh
캡슐토이샵,쇼핑 유통>장난감,,경상북도 포항시 북구 중앙상가2길 20,경상북도 포항시 북구 남빈동 520-4,314.6,,http://gachashopohang.modoo.at,https://map.naver.com/v5/search/%EC%BA%A1%EC%8A%90%ED%86%A0%EC%9D%B4%EC%83%B5/place/1293642691?c=129.3642691,36.0364331,15,0,0,0,dh
캡슐토이샵,쇼핑 유통>장난감,,경상북도 포항시 북구 중앙상가2길 20,경상북도 포항시 북구 남빈동 520-4,314.6,,http://gachashopohang.modoo.at,https://map.naver.com/v5/search/%EC%BA%A1%EC%8A%90%ED%86%A0%EC%9D%B4%EC%83%B5/place/1293642691?c=129.3642691,36.0364331,15,0,0,0,dh
캡슐토이샵,쇼핑 유통>장난감,,경상북도 포항시 북구 중앙상가2길 20,경상북도 포항시 북구 남빈동 520-4,314.6,,http://gachashopohang.modoo.at,https://map.naver.com/v5/search/%EC%BA%A1%EC%8A%90%ED%86%A0%EC%9D%B4%EC%83%B5/place/1293642691?c=129.3642691,36.0364331,15,0,0,0,dh
캡슐토이샵,쇼핑 유통>장난감,,경상북도 포항시 북구 중앙상가2길 20,경상북도 포항시 북구 남빈동 520-4,314.6,,http://gachashopohang.modoo.at,https://map.naver.com/v5/search/%EC%BA%A1%EC%8A%90%ED%86%A0%EC%9D%B4%EC%83%B5/place/1293642691?c=129.3642691,36.0364331,15,0,0,0,dh
캡슐토이샵,쇼핑 유통>장난감,,경상북도 포항시 북구 중앙상가2길 20,경상북도 포항시 북구 남빈동 520-4,314.6,,http://gachashopohang.modoo.at,https://map.naver.com/v5/search/%EC%BA%A1%EC%8A%90%ED%86%A0%EC%9D%B4%EC%83%B5/place/1293642691?c=129.3642691,36.0364331,15,0,0,0,dh
캡슐토이샵,쇼핑 유통>장난감,,경상북도 포항시 북구 중앙상가2길 20,경상북도 포항시 북구 남빈동 520-4,314.6,,http://gachashopohang.modoo.at,https://map.naver.com/v5/search/%EC%BA%A1%EC%8A%90%ED%86%A0%EC%9D%B4%EC%83%B5/place/1293642691?c=129.3642691,36.0364331,15,0,0,0,dh
캡슐토이샵,쇼핑 유통>장난감,,경상북도 포항시 북구 중앙상가2길 20,경상북도 포항시 북구 남빈동 520-4,314.6,,http://gachashopohang.modoo.at,https://map.naver.com/v5/search/%EC%BA%A1%EC%8A%90%ED%86%A0%EC%9D%B4%EC%83%B5/place/1293642691?c=129.3642691,36.0364331,15,0,0,0,dh
캡슐토이샵,쇼핑 유통>장난감,,경상북도 포항시 북구 중앙상가2길 20,경상북도 포항시 북구 남빈동 520-4,314.6,,http://gachashopohang.modoo.at,https://map.naver.com/v5/search/%EC%BA%A1%EC%8A%90%ED%86%A0%EC%9D%B4%EC%83%B5/place/1293642691?c=129.3642691,36.0364331,15,0,0,0,dh
캡슐토이샵,쇼핑 유통>장난감,,경상북도 포항시 북구 중앙상가2길 20,경상북도 포항시 북구 남빈동 520-4,314.6,,http://gachashopohang.modoo.at,https://map.naver.com/v5/search/%EC%BA%A1%EC%8A%90%ED%86%A0%EC%9D%B4%EC%83%B5/place/1293642691?c=129.3642691,36.0364331,15,0,0,0,dh
캡슐토이 달천점,쇼핑 유통>장난감,,울산광역시 북구 달천로 50 달천아이파크 1차 상가동 제B114호,울산광역시 북구 달천동 1-5 달천아이파크 1차 상가동 제B114호,337.8,,,https://map.naver.com/v5/search/%EC%BA%A1%EC%8A%90%ED%86%A0%EC%9D%B4%20%EB%8B%AC%EC%B2%9C%EC%A0%90/place/1293299306?c=129.3299306,35.6344804,15,0,0,0,dh
캡슐토이 달천점,쇼핑 유통>장난감,,울산광역시 북구 달천로 50 달천아이파크 1차 상가동 제B114호,울산광역시 북구 달천동 1-5 달천아이파크 1차 상가동 제B114호,337.8,,,https://map.naver.com/v5/search/%EC%BA%A1%EC%8A%90%ED%86%A0%EC%9D%B4%20%EB%8B%AC%EC%B2%9C%EC%A0%90/place/1293299306?c=129.3299306,35.6344804,15,0,0,0,dh
캡슐토이 달천점,쇼핑 유통>장난감,,울산광역시 북구 달천로 50 달천아이파크 1차 상가동 제B114호,울산광역시 북구 달천동 1-5 달천아이파크 1차 상가동 제B114호,337.8,,,https://map.naver.com/v5/search/%EC%BA%A1%EC%8A%90%ED%86%A0%EC%9D%B4%20%EB%8B%AC%EC%B2%9C%EC%A0%90/place/1293299306?c=129.3299306,35.6344804,15,0,0,0,dh
캡슐토이 달천점,쇼핑 유통>장난감,,울산광역시 북구 달천로 50 달천아이파크 1차 상가동 제B114호,울산광역시 북구 달천동 1-5 달천아이파크 1차 상가동 제B114호,337.8,,,https://map.naver.com/v5/search/%EC%BA%A1%EC%8A%90%ED%86%A0%EC%9D%B4%20%EB%8B%AC%EC%B2%9C%EC%A0%90/place/1293299306?c=129.3299306,35.6344804,15,0,0,0,dh
캡슐토이 달천점,쇼핑 유통>장난감,,울산광역시 북구 달천로 50 달천아이파크 1차 상가동 제B114호,울산광역시 북구 달천동 1-5 달천아이파크 1차 상가동 제B114호,337.8,,,https://map.naver.com/v5/search/%EC%BA%A1%EC%8A%90%ED%86%A0%EC%9D%B4%20%EB%8B%AC%EC%B2%9C%EC%A0%90/place/1293299306?c=129.3299306,35.6344804,15,0,0,0,dh
캡슐토이 달천점,쇼핑 유통>장난감,,울산광역시 북구 달천로 50 달천아이파크 1차 상가동 제B114호,울산광역시 북구 달천동 1-5 달천아이파크 1차 상가동 제B114호,337.8,,,https://map.naver.com/v5/search/%EC%BA%A1%EC%8A%90%ED%86%A0%EC%9D%B4%20%EB%8B%AC%EC%B2%9C%EC%A0%90/place/1293299306?c=129.3299306,35.6344804,15,0,0,0,dh
캡슐토이 달천점,쇼핑 유통>장난감,,울산광역시 북구 달천로 50 달천아이파크 1차 상가동 제B114호,울산광역시 북구 달천동 1-5 달천아이파크 1차 상가동 제B114호,337.8,,,https://map.naver.com/v5/search/%EC%BA%A1%EC%8A%90%ED%86%A0%EC%9D%B4%20%EB%8B%AC%EC%B2%9C%EC%A0%90/place/1293299306?c=129.3299306,35.6344804,15,0,0,0,dh
캡슐토이 달천점,쇼핑 유통>장난감,,울산광역시 북구 달천로 50 달천아이파크 1차 상가동 제B114호,울산광역시 북구 달천동 1-5 달천아이파크 1차 상가동 제B114호,337.8,,,https://map.naver.com/v5/search/%EC%BA%A1%EC%8A%90%ED%86%A0%EC%9D%B4%20%EB%8B%AC%EC%B2%9C%EC%A0%90/place/1293299306?c=129.3299306,35.6344804,15,0,0,0,dh
캡슐토이 달천점,쇼핑 유통>장난감,,울산광역시 북구 달천로 50 달천아이파크 1차 상가동 제B114호,울산광역시 북구 달천동 1-5 달천아이파크 1차 상가동 제B114호,337.8,,,https://map.naver.com/v5/search/%EC%BA%A1%EC%8A%90%ED%86%A0%EC%9D%B4%20%EB%8B%AC%EC%B2%9C%EC%A0%90/place/1293299306?c=129.3299306,35.6344804,15,0,0,0,dh
캡슐토이 달천점,쇼핑 유통>장난감,,울산광역시 북구 달천로 50 달천아이파크 1차 상가동 제B114호,울산광역시 북구 달천동 1-5 달천아이파크 1차 상가동 제B114호,337.8,,,https://map.naver.com/v5/search/%EC%BA%A1%EC%8A%90%ED%86%A0%EC%9D%B4%20%EB%8B%AC%EC%B2%9C%EC%A0%90/place/1293299306?c=129.3299306,35.6344804,15,0,0,0,dh
캡슐토이,쇼핑 유통>장난감,,울산광역시 동구 문현로 78 로얄J&C,울산광역시 동구 방어동 1005-12,355.6,,,https://map.naver.com/v5/search/%EC%BA%A1%EC%8A%90%ED%86%A0%EC%9D%B4/place/1294114156?c=129.4114156,35.481869,15,0,0,0,dh
캡슐토이,쇼핑 유통>장난감,,울산광역시 동구 문현로 78 로얄J&C,울산광역시 동구 방어동 1005-12,355.6,,,https://map.naver.com/v5/search/%EC%BA%A1%EC%8A%90%ED%86%A0%EC%9D%B4/place/1294114156?c=129.4114156,35.481869,15,0,0,0,dh
캡슐토이,쇼핑 유통>장난감,,울산광역시 동구 문현로 78 로얄J&C,울산광역시 동구 방어동 1005-12,355.6,,,https://map.naver.com/v5/search/%EC%BA%A1%EC%8A%90%ED%86%A0%EC%9D%B4/place/1294114156?c=129.4114156,35.481869,15,0,0,0,dh
캡슐토이,쇼핑 유통>장난감,,울산광역시 동구 문현로 78 로얄J&C,울산광역시 동구 방어동 1005-12,355.6,,,https://map.naver.com/v5/search/%EC%BA%A1%EC%8A%90%ED%86%A0%EC%9D%B4/place/1294114156?c=129.4114156,35.481869,15,0,0,0,dh
캡슐토이,쇼핑 유통>장난감,,울산광역시 동구 문현로 78 로얄J&C,울산광역시 동구 방어동 1005-12,355.6,,,https://map.naver.com/v5/search/%EC%BA%A1%EC%8A%90%ED%86%A0%EC%9D%B4/place/1294114156?c=129.4114156,35.481869,15,0,0,0,dh
